Раздел;Подраздел;Исследование;Параметр;Норма;Единицы измерения;
Генетика;Hla-типирование;Определение HLA-антигенов II класса для пары (комплексное обследование: HLA-DQA1, HLA-DGB1, HLA-DRB1) на одного пациента;HLA генотипирование II класса для пары (комплексное обследование) (HLA-DQA1, HLA-DGB1, HLA-DRB1) на одного пациента;;;
Генетика;Hla-типирование;Определение HLA-антигенов;HLA генотипирование II класса. HLA DQA1;;;
Генетика;Hla-типирование;Определение HLA-антигенов;HLA генотипирование II класса. HLA DQB1;;;
Генетика;Hla-типирование;Определение HLA-антигенов;HLA генотипирование II класса. HLA DRB1;;;
Генетика;Hla-типирование;Определение HLA-антигенов;HLA генотипирование II класса (комплекс);;;
Генетика;Hla-типирование;Определение HLA-антигенов;HLA-B27 типирование;;;
Генетика;Генетический риск нарушения репродуктивной функции;Беременность - комплекс. Определение полиморфизмов, ассоциированных с риском невынашивания беременности (12 полиморфизмов);F13A1 - фибриназа (фактор XIII свертывания крови): 103 G>T (Val34Leu);;;
Генетика;Генетический риск нарушения репродуктивной функции;Беременность - комплекс. Определение полиморфизмов, ассоциированных с риском невынашивания беременности (12 полиморфизмов);F2 - протромбин (фактор II свертывания крови): 20210 G>A;;;
Генетика;Генетический риск нарушения репродуктивной функции;Беременность - комплекс. Определение полиморфизмов, ассоциированных с риском невынашивания беременности (12 полиморфизмов);F5 - проакцелерин (фактор V свертывания крови): 1691 G>A (Arg506Gln);;;
Генетика;Генетический риск нарушения репродуктивной функции;Беременность - комплекс. Определение полиморфизмов, ассоциированных с риском невынашивания беременности (12 полиморфизмов);F7 - проконвертин, или конвертин (фактор VII свертывания крови): 10976 G>A (Arg353Gln);;;
Генетика;Генетический риск нарушения репродуктивной функции;Беременность - комплекс. Определение полиморфизмов, ассоциированных с риском невынашивания беременности (12 полиморфизмов);FGB-фибриноген (фактор I свертывания крови): -455 G>A;;;
Генетика;Генетический риск нарушения репродуктивной функции;Беременность - комплекс. Определение полиморфизмов, ассоциированных с риском невынашивания беременности (12 полиморфизмов);ITGA2-a2-интегрин (тромбоцитарный рецептор к коллагену): 807 C>T (F224F);;;
Генетика;Генетический риск нарушения репродуктивной функции;Беременность - комплекс. Определение полиморфизмов, ассоциированных с риском невынашивания беременности (12 полиморфизмов);ITGB3-b3-интегрин (тромбоцитарный рецептор фибрионогена): 1565 T>C (L33P);;;
Генетика;Генетический риск нарушения репродуктивной функции;Беременность - комплекс. Определение полиморфизмов, ассоциированных с риском невынашивания беременности (12 полиморфизмов);MTHFR (метилентетрагидрофолатредуктаза) MTHFR: 1298 A>C;;;
Генетика;Генетический риск нарушения репродуктивной функции;Беременность - комплекс. Определение полиморфизмов, ассоциированных с риском невынашивания беременности (12 полиморфизмов);MTHFR (метилентетрагидрофолатредуктаза) MTHFR: 677 C>T;;;
Генетика;Генетический риск нарушения репродуктивной функции;Беременность - комплекс. Определение полиморфизмов, ассоциированных с риском невынашивания беременности (12 полиморфизмов);MTR (B12-зависимая метионин -синтаза) MTR: 2756 A>G;;;
Генетика;Генетический риск нарушения репродуктивной функции;Беременность - комплекс. Определение полиморфизмов, ассоциированных с риском невынашивания беременности (12 полиморфизмов);MTRR (метионин-синтаза-редуктаза) MTRR: 66 A>G;;;
Генетика;Генетический риск нарушения репродуктивной функции;Беременность - комплекс. Определение полиморфизмов, ассоциированных с риском невынашивания беременности (12 полиморфизмов);PAI-1-серпин (антагонист тканевого активатора плазминогена): -675 5G>4G;;;
Генетика;Генетический риск нарушения репродуктивной функции;Беременность - комплекс. Определение полиморфизмов, ассоциированных с риском невынашивания беременности (12 полиморфизмов);ПОЛИМОРФИЗМЫ, АССОЦИИРОВАННЫЕ С РИСКОМ НЕВЫНАШИВАНИЯ БЕРЕМЕННОСТИ;;;
Генетика;Генетический риск нарушения репродуктивной функции;Комплекс исследований для оценки генетической предраположенности к нарушению имплантации эмбриона (бластоцисты) - 16 полиморфизмов;Генетическая прерасположенность к нарушению имплантации эмбриона (бластоцисты) - 16 полиморфизмов;;;
Генетика;Генетический риск нарушения репродуктивной функции;Определение генетической предрасположенности к гирсутизму и гиперандрогении;Генетическая предрасположенность к гирсутизму и гиперандрогении;;;
Генетика;Генетический риск нарушения репродуктивной функции;Комплекс исследований для диагностики генетической предрасположенности к эндометриозу;ГЕНЕТИКА;;;
Генетика;Генетический риск нарушения репродуктивной функции;Комплекс исследований для диагностики генетической предрасположенности к эндометриозу;Генетическая предрасположенность к эндометриозу;;;
Генетика;Генетический риск нарушения репродуктивной функции;Определение полиморфизма гена рецепторов андрогенов (AR);Генетическая чувствительность к андромегам, 4 полиморфизма в гене AR;;;
Генетика;Генетический риск нарушения репродуктивной функции;Определение полимморфизмов, ассоциированных с развитием женского бесплодия;Полиморфизмы, ассоциированные с развитием женского бесплодия;;;
Генетика;Генетический риск нарушения репродуктивной функции;Определение генетических причин азооспермии;AZFa: sY615 (Фактор азооспермии, субрегион AZFa, STS-маркер sY615);;;
Генетика;Генетический риск нарушения репродуктивной функции;Определение генетических причин азооспермии;AZFa: sY84 (Фактор азооспермии, субрегион AZFa, STS-маркер sY84);;;
Генетика;Генетический риск нарушения репродуктивной функции;Определение генетических причин азооспермии;AZFa: sY86 (Фактор азооспермии, субрегион AZFa, STS-маркер sY86);;;
Генетика;Генетический риск нарушения репродуктивной функции;Определение генетических причин азооспермии;AZFb: sY1197 (Фактор азооспермии, субрегион AZFb, STS-маркер sY1197);;;
Генетика;Генетический риск нарушения репродуктивной функции;Определение генетических причин азооспермии;AZFb: sY127 (Фактор азооспермии, субрегион AZFb, STS-маркер sY127);;;
Генетика;Генетический риск нарушения репродуктивной функции;Определение генетических причин азооспермии;AZFb: sY134 (Фактор азооспермии, субрегион AZFb, STS-маркер sY134);;;
Генетика;Генетический риск нарушения репродуктивной функции;Определение генетических причин азооспермии;AZFb: sY142 (Фактор азооспермии, субрегион AZFb, STS-маркер sY142);;;
Генетика;Генетический риск нарушения репродуктивной функции;Определение генетических причин азооспермии;AZFc: sY1125 (Фактор азооспермии, субрегион AZFa, STS-маркер sY1125);;;
Генетика;Генетический риск нарушения репродуктивной функции;Определение генетических причин азооспермии;AZFc: sY1206 (Фактор азооспермии, субрегион AZFa, STS-маркер sY1206);;;
Генетика;Генетический риск нарушения репродуктивной функции;Определение генетических причин азооспермии;AZFc: sY1291 (Фактор азооспермии, субрегион AZFa, STS-маркер sY1291);;;
Генетика;Генетический риск нарушения репродуктивной функции;Определение генетических причин азооспермии;AZFc: sY242 (Фактор азооспермии, субрегион AZFa, STS-маркер sY242);;;
Генетика;Генетический риск нарушения репродуктивной функции;Определение генетических причин азооспермии;AZFc: sY254 (Фактор азооспермии, субрегион AZFa, STS-маркер sY254);;;
Генетика;Генетический риск нарушения репродуктивной функции;Определение генетических причин азооспермии;AZFc: sY255 (Фактор азооспермии, субрегион AZFa, STS-маркер sY255);;;
Генетика;Генетический риск нарушения репродуктивной функции;Определение генетических причин азооспермии;МУЖСКОЕ БЕСПЛОДИЕ: ОПРЕДЕЛЕНИЕ ГЕНЕТИЧЕСКИХ ПРИЧИН АЗООСПЕРМИИ (МИКРОДЕЛЕЦИИ Y-ХРОМОСОМЫ ПО ЛОКУСАМ AZF (A,B,C);;;
Генетика;Генетический риск нарушения репродуктивной функции;Комплекс исследований при риске преэклампсии. Определение вариантов в генах AGT (M235T), ACE (I/D);Риск преэклампсии. Определение вариантов в генах AGT (M235T), ACE (I/D);;
Генетика;ДНК анализ неаутосомных маркеров;Типирование митохондриальной ДНК;Анализ митохорндриальной ДНК;;;
Генетика;ДНК анализ неаутосомных маркеров;Молекулярно-генетическое исследование микроделеций в Y хромосоме в крови;Тестирование Y-хромосомы;;;
Генетика;ДНК анализ неаутосомных маркеров;Тестирование ДНК Y-хромосомы;Тестирование Y-хромосомы (определение гаплогруппы у мужчины);;;
Генетика;Другие комплексные генетические исследования;Комплекс исследований по генетической предрасположенности к атопическому дерматиту;Генетическая предрасположенность к атопическому дерматиту;;;
Генетика;Другие комплексные генетические исследования;Комплекс исследований по генетической предрасположенности к атопическому дерматиту;ГЕНЕТИКА;;;
Генетика;Другие комплексные генетические исследования;Комплекс исследований по генетической предрасположенности к псориазу;Генетическая предрасположенность к псиориазу;;;
Генетика;Другие комплексные генетические исследования;Комплекс исследований по генетической предрасположенности к псориазу;ГЕНЕТИКА;;;
Генетика;Другие комплексные генетические исследования;Комплекс исследований для диагностики "Акне";Комплекс "Акне";;;
Генетика;Другие комплексные генетические исследования;Комплекс исследований для диагностики "Алопеция" (15 полиморфизмов);Комплекс "Алопеция" (15 полиморфизмов);;;
Генетика;Другие комплексные генетические исследования;Комплекс исследований для диагностики предрасположенности к парадонтозу;IL1A: -889 C>T (Интерлейкин 1A);;;
Генетика;Другие комплексные генетические исследования;Комплекс исследований для диагностики предрасположенности к парадонтозу;IL1B: 3953 C>T (Интерлейкин 1B);;;
Генетика;Другие комплексные генетические исследования;Комплекс исследований для диагностики предрасположенности к парадонтозу;IL1B: -511 C>T (Интерлейкин 1B);;;
Генетика;Другие комплексные генетические исследования;Комплекс исследований для диагностики предрасположенности к парадонтозу;ПРЕДРАСПОЛОЖЕННОСТЬ К ПАРАНДОНТОЗУ;;;
Генетика;Заключение по генетическим исследованиям;Аналитическое заключение врача-генетика по одному профилю;Аналитическое заключение врача-генетика по одному профилю;;;
Генетика;Наследственные заболевания;Диагностика нарушений метаболизма лактозы (молекулярно-генетическое исследование мутаций в гене MCM6 (-13910 T>C));ПОЛИМОРФИЗМЫ, АССОЦИИРОВАННЫЕ С НАРУШЕНИЯМИ ОБМЕНА ЛАКТОЗЫ;;;
Генетика;Наследственные заболевания;Диагностика нарушений метаболизма лактозы (молекулярно-генетическое исследование мутаций в гене MCM6 (-13910 T>C));MCM6 -13910 T>C;;;
Генетика;Наследственные заболевания;Молекулярно-генетическое исследование мутаций в гене CFTR (муковисцидоз) в крови;Муковисцидоз;;;
Генетика;Наследственные заболевания;Комплекс исследований для определения вариантов в генах TCF7L2 (RS 7903146: IVS3C>T), PPARG (Pro12Ala, P12A), ADIPOQ (G276T);Определение вариантов в генах TCF7L2 (RS 7903146: IVS3C>T), PPARG (Pro12Ala, P12A), ADIPOQ (G276T);;;
Генетика;Наследственные заболевания;Комплекс исследований для определения варианта в гене PTPN22 (Arg620Trp, R620W);Определение варианта в гене PTPN22 (Arg620Trp, R620W) (сахарный диабет 1 типа, ревматоидный артрит);;;
Генетика;Наследственные заболевания;Диагностика предрасположенности к бронхиальной астме (SERPINE1 (PAI-1): -675 5G>4G, IL-6: -174 G>C, IL-10: -1082 G>A, IL-4: -589 C>T, IL-4: -33 C>T, IL-4R: 1902 A>G (GIln576Arg));IL10: -1082 G>A (Интерлейкин 10);;;
Генетика;Наследственные заболевания;Диагностика предрасположенности к бронхиальной астме (SERPINE1 (PAI-1): -675 5G>4G, IL-6: -174 G>C, IL-10: -1082 G>A, IL-4: -589 C>T, IL-4: -33 C>T, IL-4R: 1902 A>G (GIln576Arg));IL4: -33 C>T (Интерлейкин 4);;;
Генетика;Наследственные заболевания;Диагностика предрасположенности к бронхиальной астме (SERPINE1 (PAI-1): -675 5G>4G, IL-6: -174 G>C, IL-10: -1082 G>A, IL-4: -589 C>T, IL-4: -33 C>T, IL-4R: 1902 A>G (GIln576Arg));IL4: -589 C>T (Интерлейкин 4);;;
Генетика;Наследственные заболевания;Диагностика предрасположенности к бронхиальной астме (SERPINE1 (PAI-1): -675 5G>4G, IL-6: -174 G>C, IL-10: -1082 G>A, IL-4: -589 C>T, IL-4: -33 C>T, IL-4R: 1902 A>G (GIln576Arg));IL4R: -1902 A>G (Gln576Arg) (Рецептор интерлейкина 4);;;
Генетика;Наследственные заболевания;Диагностика предрасположенности к бронхиальной астме (SERPINE1 (PAI-1): -675 5G>4G, IL-6: -174 G>C, IL-10: -1082 G>A, IL-4: -589 C>T, IL-4: -33 C>T, IL-4R: 1902 A>G (GIln576Arg));IL6: -174 G>C (Интерлейкин 6);;;
Генетика;Наследственные заболевания;Диагностика предрасположенности к бронхиальной астме (SERPINE1 (PAI-1): -675 5G>4G, IL-6: -174 G>C, IL-10: -1082 G>A, IL-4: -589 C>T, IL-4: -33 C>T, IL-4R: 1902 A>G (GIln576Arg));SERPINE1 (PAI-1): -675 5G>4G (Ингибитор активатора плазминогена типа I);;;
Генетика;Наследственные заболевания;Диагностика предрасположенности к бронхиальной астме (SERPINE1 (PAI-1): -675 5G>4G, IL-6: -174 G>C, IL-10: -1082 G>A, IL-4: -589 C>T, IL-4: -33 C>T, IL-4R: 1902 A>G (GIln576Arg));ПРЕДРАСПОЛОЖЕННОСТЬ К БРОНХИАЛЬНОЙ АСТМЕ;;;
Генетика;Наследственные заболевания;Комплекс исследований для диагностики предрасположенности к ожирению и диабету;FTO: T>A (IVS1) (Ген, связанный с ожирением);;;
Генетика;Наследственные заболевания;Комплекс исследований для диагностики предрасположенности к ожирению и диабету;KCNJ11: C>T (Glu23Lys) (Kir6.2 субъединица АТФ-зависимого калиевого канала);;;
Генетика;Наследственные заболевания;Комплекс исследований для диагностики предрасположенности к ожирению и диабету;LPA: T>C (I4399M) (Аполипопротеин A, Lp(a));;;
Генетика;Наследственные заболевания;Комплекс исследований для диагностики предрасположенности к ожирению и диабету;NPY: A>G (Leu7Pro) (Нейропептид Y, препронейропептид);;;
Генетика;Наследственные заболевания;Комплекс исследований для диагностики предрасположенности к ожирению и диабету;PPARG: 34 C>G (Pro12Ala) (Гамма-рецептор, активируемый пролифераторами перексисом);;;
Генетика;Наследственные заболевания;Комплекс исследований для диагностики предрасположенности к ожирению и диабету;SREBF2: 1784 G>C (Ala595Gly) (Протеин 2, связывающий стирол-регуляторный элемент);;;
Генетика;Наследственные заболевания;Комплекс исследований для диагностики предрасположенности к ожирению и диабету;ПРЕДРАСПОЛОЖЕННОСТЬ К ОЖИРЕНИЮ И ДИАБЕТУ;;;
Генетика;Наследственные заболевания;Комплекс исследований для диагностики риска развития сахарного диабета 1 типа. Определение полиморфизмов, ассоциированных с развитием сахарного диабета 1 типа (5 полиморфизмов);Полиморфизмы, ассоциированные с развитием сахарного диабета 1 типа;;;
Генетика;Наследственные заболевания;Синдром Жильбера, наследственная гипербилирубинемия, расширенное исследование, 3 полиморфизма в гене UGT1A1 (UGT1A1*28, UGT1A1*6, rs6742078);ГЕНЕТИКА;;;
Генетика;Наследственные заболевания;Синдром Жильбера, наследственная гипербилирубинемия, расширенное исследование, 3 полиморфизма в гене UGT1A1 (UGT1A1*28, UGT1A1*6, rs6742078);Синдром Жильбера - расширенный;;;
Генетика;Наследственные заболевания;Определение полиморфизма гена UGT1A1;Синдром Жильбера. Определение инсерции (варианта UGT1A1*28) в промоторной области гена UGT1A1;;;
Генетика;Онкологический риск;Комплекс исследований для диагностики генетической предрасположенности к карциноме щитовидной железы (медуллярной);Генетическая предрасположенность к карциноме щитовидной железы (медуллярной);;;
Генетика;Онкологический риск;Комплекс исследований для диагностики генетической предрасположенности к меланоме кожи;ГЕНЕТИКА;;;
Генетика;Онкологический риск;Комплекс исследований для диагностики генетической предрасположенности к меланоме кожи;Генетическая предрасположенность к меланоме кожи;;;
Генетика;Онкологический риск;Комплекс исследований для диагностики генетической предрасположенности к наследственному неполипозному колоректальному раку (синдром Линча);Генетическая предрасположенность к наследственному неполипозному колоректальному раку (синдром Линча);;;
Генетика;Онкологический риск;Комплекс исследований для диагностики генетической предрасположенности к раку желудка;ГЕНЕТИКА;;;
Генетика;Онкологический риск;Комплекс исследований для диагностики генетической предрасположенности к раку желудка;Генетическая предрасположенность к раку желудка;;;
Генетика;Онкологический риск;Комплекс исследований для диагностики генетической предрасположенности к раку поджелудочному железы;ГЕНЕТИКА;;;
Генетика;Онкологический риск;Комплекс исследований для диагностики генетической предрасположенности к раку поджелудочному железы;Генетическая предрасположенность к раку поджелудочной железы;;;
Генетика;Онкологический риск;Комплекс исследований для диагностики генетической предрасположенности к раку шейки матки;ГЕНЕТИКА;;;
Генетика;Онкологический риск;Комплекс исследований для диагностики генетической предрасположенности к раку шейки матки;Генетическая предрасположенность к раку шейки матки;;;
Генетика;Онкологический риск;Комплекс исследований для диагностики генетической предрасположенности к семейному аденоматозному полипозу толстой кишки;Генетическая предрасположенность к семейному аденоматозному полипозу толстой кишки;;;
Генетика;Онкологический риск;Комплекс исследований для диагностики генетической предрасположенности к семейному аденоматозному полипозу толстой кишки;ГЕНЕТИКА;;;
Генетика;Онкологический риск;Молекулярно-генетическое исследование мутаций в гене APC в крови;Исследование кодирующих экзонов гена APC (аденоматозный полипоз, полипозный рак толстой кишки, десмоидные опухоли, 4 полиморфизма);;;
Генетика;Онкологический риск;Комплекс исследований для диагностики кодирующих экзонов гена MUTYH;Исследование кодирующих экзонов гена MUTYH (аденоматозный полипоз, полипозный рак толстой кишки, десмоидные опухоли, 6 полиморфизма);;;
Генетика;Онкологический риск;Молекулярно-генетическое исследование кодирующих экзонов гена BRCA1 (6 полиморфизмов) в крови;Исследование кодирующих экзонов гена BRCA1 (рак желудка, рак предстательной железы, 6 полиморфизмов);;;
Генетика;Онкологический риск;Молекулярно-генетическое исследование кодирующих экзонов гена BRCA2 (3 полиморфизма) в крови;Исследование кодирующих экзонов гена BRCA2 (рак предстательной железы, 3 полиморфизма);;;
Генетика;Онкологический риск;Комплекс исследований для кодирующих экзонов гена CDH1 (3 полиморфизма) в крови;Исследование кодирующих экзонов гена CDH1 (рак желудка, 3 полиморфизма);;;
Генетика;Онкологический риск;Молекулярно-генетическое исследование кодирующих экзонов гена MLH1 (неполипозный рак толстой кишки, рак желудка, рак тела матки);Исследование кодирующих экзонов гена MLH1 (неполипозный рак толстой кишки, рак желудка, рак тела матки, 4 полиморфизма);;;
Генетика;Онкологический риск;Комплекс исследований для диагностики кодирующих экзонов гена MSH6 (4 полмиорфизма) в крови;Исследование кодирующих экзонов гена MSH6 (неполипозный рак толстой кишки, рак желудка, рак тела матки, 4 полмиорфизма);;;
Генетика;Онкологический риск;Исследование полиморфизмов в гене TP53 (Arg72Pro, R72P, p53 codon 72), рак молочной железы;Исследование полиморфизмов в гене TP53 (Arg72Pro, R72P, p53 codon 72) (рак молочной железы);;;
Генетика;Онкологический риск;Комплекс исследований для диагностики колоректального рака (20 полиморфизмов);Колоректальный рак - развернутое исследование (20 полиморфизмов);;;
Генетика;Онкологический риск;Молекулярно-генетическое исследование мутаций в гене KRAS (кодоны 12/13) в крови;Определение полиморфизма в гене K-Ras (кодоны 12/13) (рак толстой кишки, ранние стадии);;;
Генетика;Онкологический риск;Молекулярно-генетическое исследование мутаций в генах BRCA1 и BRCA2 в крови;BRCA1 185delAAG;;;
Генетика;Онкологический риск;Молекулярно-генетическое исследование мутаций в генах BRCA1 и BRCA2 в крови;BRCA1 2080delA;;;
Генетика;Онкологический риск;Молекулярно-генетическое исследование мутаций в генах BRCA1 и BRCA2 в крови;BRCA1 300T>G (Cys61Gly);;;
Генетика;Онкологический риск;Молекулярно-генетическое исследование мутаций в генах BRCA1 и BRCA2 в крови;BRCA1 3819delGTAAA;;;
Генетика;Онкологический риск;Молекулярно-генетическое исследование мутаций в генах BRCA1 и BRCA2 в крови;BRCA1 3875delGTCT;;;
Генетика;Онкологический риск;Молекулярно-генетическое исследование мутаций в генах BRCA1 и BRCA2 в крови;BRCA1 4153delA;;;
Генетика;Онкологический риск;Молекулярно-генетическое исследование мутаций в генах BRCA1 и BRCA2 в крови;BRCA1 5382insC;;;
Генетика;Онкологический риск;Молекулярно-генетическое исследование мутаций в генах BRCA1 и BRCA2 в крови;BRCA1 6174delT;;;
Генетика;Онкологический риск;Молекулярно-генетическое исследование мутаций в генах BRCA1 и BRCA2 в крови;Рак молочной железы - BRCA. Определение полиморфизмов генов BRCA1 и BRCA2 (8 полиморфизмов);;;
Генетика;Онкологический риск;Молекулярно-генетическое исследование мутаций в генах BRCA1 и BRCA2 в крови;Рак молочной железы и яичников - расширенный комплекс: Определение мутаций в генах BRCA1/2, FGFR2 и CHEK (21 полиморфизм);;;
Генетика;Онкологический риск;Комплекс исследований для диагностики риска развития лейкемии. Определение полиморфизмов, ассоциированных с риском развития лейкоза (9 полиморфизмов);Полиморфизмы, ассоциированные с риском развития лейкоза;;;
Генетика;Онкологический риск;Комплекс исследований для диагностики риска развития опухолей молочной железы на фоне приема оральных контрацептивов;Риск развития опухолей молочной железы на фоне приема оральных контрацептивов;;;
Генетика;Онкологический риск;Определение чувствительности рецепторов стероидных гормонов;ГЕНЕТИКА;;;
Генетика;Онкологический риск;Определение чувствительности рецепторов стероидных гормонов;Чувствительность стереодиных рецепторов (Эстроген, прогестерон);;;
Генетика;Определение родства;Установление биологического родства до уровня третьего поколения (родные, сводные, двоюродные братья-сестры, племянники-дяди, тёти, дедушки, бабушки - внуки;Анализ ДНК на другие виды родства;;;
Генетика;Определение родства;Комплекс исследований для установления истинных родителей ребенка по делам о спорном происхождении детей (оспаривание отцовства/материнства или подмена детей) или по иным обстоятельствам в полной семейной группе;Анализ ДНК на отцовство/материнство, дуэт;;;
Генетика;Определение родства;Комплекс исследований для установления истинных родителей ребенка - по делам о спорном происхождении детей (оспаривание отцовства/материнства или подмена детей) или по иным обстоятельствам с использованием в качестве референсных образцов биологических объектов от родителей отсутсвующего предполагаемого родителя (бабушки/дедушки ребенка), объектов от других его родственников, биологических контактных следов на предметах обихода осутствующего предполагаемого родителя;Анализ ДНК на отцовство/материнство, трио;;;
Генетика;Определение родства;Дополнительный участник для генетических исследований по установлению биологического родства;Дополнительный участник для анализа;;;
Генетика;Системные генетические риски;Определение полиморфизмов в генах F2 и F5 (факторы свертывающей системы) крови;F2-протромбин (фактор II свертывания крови), 20210 G>A;;;
Генетика;Системные генетические риски;Определение полиморфизмов в генах F2 и F5 (факторы свертывающей системы) крови;АНАЛИЗ ПОЛИМОРФИЗМОВ В ГЕНАХ F2 И F5 (ФАКТОРЫ СВЕРТЫВАЮЩЕЙ СИСЕТМЫ);;
Генетика;Системные генетические риски;Определение полиморфизмов в генах F2 и F5 (факторы свертывающей системы) крови;F2 (фактор V свертывания крови), 1691 G>A (Arg506Gin);;
Генетика;Системные генетические риски;Определение полиморфизмов, ассоциированных с нарушениями фолатного цикла (метаболизм фолатов);MTHFR (метилентетрагидрофолатредуктаза) MTHFR: 1298 A>C;;;
Генетика;Системные генетические риски;Определение полиморфизмов, ассоциированных с нарушениями фолатного цикла (метаболизм фолатов);MTHFR (метилентетрагидрофолатредуктаза) MTHFR: 677 C>T;;;
Генетика;Системные генетические риски;Определение полиморфизмов, ассоциированных с нарушениями фолатного цикла (метаболизм фолатов);MTR (B12-зависимая метионин-синтаза) MTR: 2756 A>G;;;
Генетика;Системные генетические риски;Определение полиморфизмов, ассоциированных с нарушениями фолатного цикла (метаболизм фолатов);MTRR (метионин-синтаза-редуктаза) MTRR: 66 A>G;;;
Генетика;Системные генетические риски;Определение полиморфизмов, ассоциированных с нарушениями фолатного цикла (метаболизм фолатов);ПОЛИМОРФИЗМЫ, АССОЦИИРОВАННЫЕ С НАРУШЕНИЯМИ ФОЛАТНОГО ЦИКЛА;;;
Генетика;Системные генетические риски;Комплекс исследований по генетической обусловленности силы воспалительной реакции;IL10: -1082 G>A (Интерлейкин 10);;;
Генетика;Системные генетические риски;Комплекс исследований по генетической обусловленности силы воспалительной реакции;IL6: -174 G>C (Интерлейкин 6);;;
Генетика;Системные генетические риски;Комплекс исследований по генетической обусловленности силы воспалительной реакции;ГЕНЕТИЧЕСКАЯ ОБУСЛОВЛЕННОСТЬ СИЛЫ ВОСПАЛИТЕЛЬНОЙ РЕАКЦИИ;;;
Генетика;Системные генетические риски;Контроль генетической предрасположенности к инфаркту миокарда;ГЕНЕТИКА;;;
Генетика;Системные генетические риски;Контроль генетической предрасположенности к инфаркту миокарда;Генетическая предрасположенность к инфаркту миокарда;;;
Генетика;Системные генетические риски;Определение полиморфизма 675 4G/5G (инсерция гуанина в позиции 675) в гене ингибитора активатора плазминогена I типа (PAI-1);Ингибитор активатора плазминогена (SRPINE1 (PAI-1): -675 5G/4G);;;
Генетика;Системные генетические риски;Определение полиморфизмов, ассоциированных с риском развития артериальной гипертензии (гипертония);ADD1 - а-аддуктин: 1378 G>T (Gly460Trp);;;
Генетика;Системные генетические риски;Определение полиморфизмов, ассоциированных с риском развития артериальной гипертензии (гипертония);AGT - антиотензиноген: 521 C>T;;;
Генетика;Системные генетические риски;Определение полиморфизмов, ассоциированных с риском развития артериальной гипертензии (гипертония);AGT - антиотензиноген: 704 T>C;;;
Генетика;Системные генетические риски;Определение полиморфизмов, ассоциированных с риском развития артериальной гипертензии (гипертония);AGTR1 - рецептор 1-го типа для ангиотензина II: 1166 A>C;;;
Генетика;Системные генетические риски;Определение полиморфизмов, ассоциированных с риском развития артериальной гипертензии (гипертония);AGTR2 - рецептор 2-го типа для ангиотензина II: 1675 G>A;;;
Генетика;Системные генетические риски;Определение полиморфизмов, ассоциированных с риском развития артериальной гипертензии (гипертония);CYP11B2 - цитохром 11b2 - альдостерон-синтаза: 344 C>T;;;
Генетика;Системные генетические риски;Определение полиморфизмов, ассоциированных с риском развития артериальной гипертензии (гипертония);GNB3 - бета 3 субъединица G-белка - гуанин-связывающий белок: 825 C>T;;;
Генетика;Системные генетические риски;Определение полиморфизмов, ассоциированных с риском развития артериальной гипертензии (гипертония);NOS3 - синтаза окиси азота: 786 T>C;;;
Генетика;Системные генетические риски;Определение полиморфизмов, ассоциированных с риском развития артериальной гипертензии (гипертония);NOS3 - синтаза окиси азота: 894 G>T (Glu298Asp);;;
Генетика;Системные генетические риски;Определение полиморфизмов, ассоциированных с риском развития артериальной гипертензии (гипертония);ПОЛИМОРФИЗМЫ, АССОЦИИРОВАННЫЕ С РИСКОМ РАЗВИТИЯ АРТЕРИАЛЬНОЙ ГИПЕРТЕНЗИИ;;;
Генетика;Системные генетические риски;Определение полиморфизмов, ассоциированных с риском развития тромбофилии (тромбофилия);F13A1 - фибриназа (фактор XIII свертывания крови): 103 G>T (Val34Leu);;;
Генетика;Системные генетические риски;Определение полиморфизмов, ассоциированных с риском развития тромбофилии (тромбофилия);F2 - протромбин (фактор II свертывания крови): 20210 G>A;;;
Генетика;Системные генетические риски;Определение полиморфизмов, ассоциированных с риском развития тромбофилии (тромбофилия);F5 - проакцелерин (фактор V свертывания крови): 1691 G>A (Arg506Gln);;;
Генетика;Системные генетические риски;Определение полиморфизмов, ассоциированных с риском развития тромбофилии (тромбофилия);F7 - проконвертин, или конвертин (фактор VII свертывания крови): 10976 G>A (Arg353Gln);;;
Генетика;Системные генетические риски;Определение полиморфизмов, ассоциированных с риском развития тромбофилии (тромбофилия);FGB-фибриноген (фактор I свертывания крови): -455 G>A;;;
Генетика;Системные генетические риски;Определение полиморфизмов, ассоциированных с риском развития тромбофилии (тромбофилия);ITGA2-a2-интегрин (тромбоцитарный рецептор фибриногена): 807 C>T (F224F);;;
Генетика;Системные генетические риски;Определение полиморфизмов, ассоциированных с риском развития тромбофилии (тромбофилия);ITGB3-b3-интегрин (тромбоцитарный рецептор фибриногена): 1565 (F224F);;;
Генетика;Системные генетические риски;Определение полиморфизмов, ассоциированных с риском развития тромбофилии (тромбофилия);PAI-1-серпин (антагонист тканевого активатора плазминогена): -675 5G>4G;;;
Генетика;Системные генетические риски;Определение полиморфизмов, ассоциированных с риском развития тромбофилии (тромбофилия);ПОЛИМОРФИЗМЫ, АССОЦИИРОВАННЫЕ С РИСКОМ РАЗВИТИЯ ТРОМБОФИЛИИ;;;
Генетика;Системные генетические риски;Анализ крови по определению вариантов в гене ApoC3 (3 полиморфизма);Определение вариантов в гене ApoC3 (3 полиморфизма);;;
Генетика;Системные генетические риски;Анализ крови по определению вариантов в гене PON1 (Gln192Arg, Q192R);Определение вариантов в гене PON1 (Gln192Arg, Q192R);;; 
Генетика;Системные генетические риски;Анализ крови по определению вариантов в гене ApoE (E2/E3/E4);Определение вариантов в гене ApoE (E2/E3/E4);;; 
Генетика;Системные генетические риски;Развернутое генетическое обследование для женщины;AGT: 521 C>T (Thr174Met) (Ангиотензиноген);;;
Генетика;Системные генетические риски;Развернутое генетическое обследование для женщины;AGT: 704 (803) T>C (Met235Thr) (Ангиотензиноген);;;
Генетика;Системные генетические риски;Развернутое генетическое обследование для женщины;AGTR1: 1166 A>C (Рецептор 1-го типа для ангиотензина II);;;
Генетика;Системные генетические риски;Развернутое генетическое обследование для женщины;AGTR2: 1675 G>A (Рецептор 2-го типа для ангиотензина II);;;
Генетика;Системные генетические риски;Развернутое генетическое обследование для женщины;BRCA1:4153delA (гена рака молочной железы 1);;;
Генетика;Системные генетические риски;Развернутое генетическое обследование для женщины;BRCA1:5382insC (гена рака молочной железы 1);;;
Генетика;Системные генетические риски;Развернутое генетическое обследование для женщины;BRCA1:185delAG (гена рака молочной железы 1);;;
Генетика;Системные генетические риски;Развернутое генетическое обследование для женщины;BRCA1:6174delT (гена рака молочной железы 2);;;
Генетика;Системные генетические риски;Развернутое генетическое обследование для женщины;CYP11B2: -344 C>T (Цитохром P450, семейство 11, подсемейство B, полипептид 2 (Альдостерон синтетаза));;;
Генетика;Системные генетические риски;Развернутое генетическое обследование для женщины;F2: 20210 G>A (Протромбин, коагуляционный фактор II);;;
Генетика;Системные генетические риски;Развернутое генетическое обследование для женщины;F5: 1691 G>A (Arg506Gln) Лейден мутация (Коагуляционный фактор V);;;
Генетика;Системные генетические риски;Развернутое генетическое обследование для женщины;FGB: -455 G>A (Фибриноген beta-субъединица, коагуляционный фактор I);;;
Генетика;Системные генетические риски;Развернутое генетическое обследование для женщины;FTO: T>A (IVS1) (Ген, связанный с ожирением);;;
Генетика;Системные генетические риски;Развернутое генетическое обследование для женщины;GNB3: 825 C>T (Ser275Ser) (G-протеин, бета3-субъединица);;;
Генетика;Системные генетические риски;Развернутое генетическое обследование для женщины;IL10: -1082 G>A (Интерлейкин 10);;;
Генетика;Системные генетические риски;Развернутое генетическое обследование для женщины;IL1A: -889 C>T (Интерлейкин 1A);;;
Генетика;Системные генетические риски;Развернутое генетическое обследование для женщины;IL1B: 3953 C>T (Интерлейкин 1B);;;
Генетика;Системные генетические риски;Развернутое генетическое обследование для женщины;IL1B: -511 C>T (Интерлейкин 1B);;;
Генетика;Системные генетические риски;Развернутое генетическое обследование для женщины;IL4: -33 C/T (Интерлейкин 4);;;
Генетика;Системные генетические риски;Развернутое генетическое обследование для женщины;IL4: -589 C>T (Интерлейкин 4);;;
Генетика;Системные генетические риски;Развернутое генетическое обследование для женщины;IL4R: -1902 A>G (Gln576Arg) (Рецептор интерлейкина 4);;;
Генетика;Системные генетические риски;Развернутое генетическое обследование для женщины;IL6: -174 G>C (Интерлейкин 6);;;
Генетика;Системные генетические риски;Развернутое генетическое обследование для женщины;ITGA2: 807 C>T (F224F) (Гликопротеин la (VLA-2 рецептор));;;
Генетика;Системные генетические риски;Развернутое генетическое обследование для женщины;ITGB3: 1565 T>C (Leu33Pro) (Гликопротеин llla (Gpllla), интегрин бета-3 (тромбоцитарный рецептор фибриногена));;;
Генетика;Системные генетические риски;Развернутое генетическое обследование для женщины;KCNJ11: C>T (Glu23Lys) (Kir6.2 субъединица АТФ-зависимого калиевого канала);;;
Генетика;Системные генетические риски;Развернутое генетическое обследование для женщины;LPA: T>C (14399V) (Аполипопротеин A, Lp(a));;;
Генетика;Системные генетические риски;Развернутое генетическое обследование для женщины;MTHFR: 1298 A>C (Glue429Ala) (Метилентетрагидрофолатредуктаза);;;
Генетика;Системные генетические риски;Развернутое генетическое обследование для женщины;MTHFR: 677 C>T (Ala22Val) (Метилентетрагидрофолатредуктаза);;;
Генетика;Системные генетические риски;Развернутое генетическое обследование для женщины;MTR: 2756 A>G (Asp919Gly) (Метионин синтетаза);;;
Генетика;Системные генетические риски;Развернутое генетическое обследование для женщины;MTRR: 66 A>G (Ile22Met) (Метионин-синтетаза-редуктаза);;;
Генетика;Системные генетические риски;Развернутое генетическое обследование для женщины;SERPINE1 (PAI-1): -675 5G>4G (Ингибитор активатора плазминогена типа I);;;
Генетика;Системные генетические риски;Развернутое генетическое обследование для женщины;PPARG: 34 C>G (Pro12Ala) (Гамма-рецептор, активируемый пролифераторами пероксисом);;;
Генетика;Системные генетические риски;Развернутое генетическое обследование для женщины;VDR: 283 A>G (Bsml) (Рецептор витамина Д);;;
Генетика;Системные генетические риски;Развернутое генетическое обследование для женщины;РАЗВЕРНУТОЕ ГЕНЕТИЧЕСКОЕ ОБСЛЕДОВАНИЕ ДЛЯ ЖЕНЩИНЫ;;;
Генетика;Системные генетические риски;Развернутое генетическое обследование для мужчины;AGTR1: 1166 A>C (Рецептор 1-го типа для ангиотензина II);;;
Генетика;Системные генетические риски;Развернутое генетическое обследование для мужчины;AGTR2: 1675 G>A (Рецептор 2-го типа для ангиотензина II);;;
Генетика;Системные генетические риски;Развернутое генетическое обследование для мужчины;CYP11B2: -344 C>T (Цитохром P450, семейство 11, подсемейство B, полипептид 2 (Альдостерон синтетаза));;;
Генетика;Системные генетические риски;Развернутое генетическое обследование для мужчины;F2: 20210 G>A (Протромбин, коагуляционный фактор II);;;
Генетика;Системные генетические риски;Развернутое генетическое обследование для мужчины;F5: 1691 G>A (Arg506Gln) Лейден мутация (Коагуляционный фактор V);;;
Генетика;Системные генетические риски;Развернутое генетическое обследование для мужчины;FGB: -455 G>A (Фибриноген beta-субъединица, коагуляционный фактор I);;;
Генетика;Системные генетические риски;Развернутое генетическое обследование для мужчины;FTO: T>A (IVS1) (Ген, связанный с ожирением);;;
Генетика;Системные генетические риски;Развернутое генетическое обследование для мужчины;IL10: -1082 G>A (Интерлейкин 10);;;
Генетика;Системные генетические риски;Развернутое генетическое обследование для мужчины;IL1A: -889 C>T (Интерлейкин 1A);;;
Генетика;Системные генетические риски;Развернутое генетическое обследование для мужчины;IL1B: 3953 C>T (Интерлейкин 1B);;;
Генетика;Системные генетические риски;Развернутое генетическое обследование для мужчины;IL1B: -511 C>T (Интерлейкин 1B);;;
Генетика;Системные генетические риски;Развернутое генетическое обследование для мужчины;IL4: -33 C/T (Интерлейкин 4);;;
Генетика;Системные генетические риски;Развернутое генетическое обследование для мужчины;IL4: -589 C>T (Интерлейкин 4);;;
Генетика;Системные генетические риски;Развернутое генетическое обследование для мужчины;IL4R: -1902 A>G (Gln576Arg) (Рецептор интерлейкина 4);;; ;;;
Генетика;Системные генетические риски;Развернутое генетическое обследование для мужчины;IL6: -174 G>C (Интерлейкин 6);;;
Генетика;Системные генетические риски;Развернутое генетическое обследование для мужчины;ITGA2: 807 C>T (F224F) (Гликопротеин la (VLA-2 рецептор));;;
Генетика;Системные генетические риски;Развернутое генетическое обследование для мужчины;ITGB3: 1565 T>C (Leu33Pro) (Гликопротеин llla (Gpllla), интегрин бета-3 (тромбоцитарный рецептор фибриногена));;;
Генетика;Системные генетические риски;Развернутое генетическое обследование для мужчины;LPA: T>C (14399V) (Аполипопротеин A, Lp(a));;;
Генетика;Системные генетические риски;Развернутое генетическое обследование для мужчины;MTHFR: 1298 A>C (Glue429Ala) (Метилентетрагидрофолатредуктаза);;;
Генетика;Системные генетические риски;Развернутое генетическое обследование для мужчины;MTHFR: 677 C>T (Ala22Val) (Метилентетрагидрофолатредуктаза);;;
Генетика;Системные генетические риски;Развернутое генетическое обследование для мужчины;MTR: 2756 A>G (Asp919Gly) (Метионин синтетаза);;;
Генетика;Системные генетические риски;Развернутое генетическое обследование для мужчины;MTRR: 66 A>G (Ile22Met) (Метионин-синтетаза-редуктаза);;;
Генетика;Системные генетические риски;Развернутое генетическое обследование для мужчины;PPARG: 34 C>G (Pro12Ala) (Гамма-рецептор, активируемый пролифераторами пероксисом);;;
Генетика;Системные генетические риски;Развернутое генетическое обследование для мужчины;SREBF2: 1784 G>C (Ala595Gly) (Фактор транскрипции связи с элементом стерола - sterol regulatory element-binding protein 1);;;
Генетика;Системные генетические риски;Развернутое генетическое обследование для мужчины;VDR: 283 A>G (Bsml) (Рецептор витамина Д);;;
Генетика;Системные генетические риски;Развернутое генетическое обследование для мужчины;РАЗВЕРНУТОЕ ГЕНЕТИЧЕСКОЕ ОБСЛЕДОВАНИЕ ДЛЯ МУЖЧИНЫ;;;
Генетика;Системные генетические риски;Анализ крови по оценке риска атеросклероза и ИБС, предрасположенность к дислипидемии;ABCA1: 1051 G>A (R219K) (ATP-binding cassette, sub-family A);;;
Генетика;Системные генетические риски;Анализ крови по оценке риска атеросклероза и ИБС, предрасположенность к дислипидемии;APOE: T>C (Cys158Arg) (Аполипопротеин E);;;
Генетика;Системные генетические риски;Анализ крови по оценке риска атеросклероза и ИБС, предрасположенность к дислипидемии;F13A1: G>T (Val34Leu) (Коагуляционный фактор XIII);;;
Генетика;Системные генетические риски;Анализ крови по оценке риска атеросклероза и ИБС, предрасположенность к дислипидемии;F5: 1691 G>A (Arg506Gln) Лейден мутация (Коагуляционный фактор V);;;
Генетика;Системные генетические риски;Анализ крови по оценке риска атеросклероза и ИБС, предрасположенность к дислипидемии;F7: G>A (Arg353Gln) (Коагуляционный фактор VII);;;
Генетика;Системные генетические риски;Анализ крови по оценке риска атеросклероза и ИБС, предрасположенность к дислипидемии;FGB: -455 G>A (Фибриноген beta-субъединица, коагуляционный фактор I);;;
Генетика;Системные генетические риски;Анализ крови по оценке риска атеросклероза и ИБС, предрасположенность к дислипидемии;ITGA2: 807 C>T (F224F) (Гликопротеин la VLA-2 рецептор);;;
Генетика;Системные генетические риски;Анализ крови по оценке риска атеросклероза и ИБС, предрасположенность к дислипидемии;ITGB3: 1565 T>C (Leu33Pro) (Гликопротеин lla (Gplla), интегрин бета-3 (тромбоцитарный рецептор фибриногена));;;
Генетика;Системные генетические риски;Анализ крови по оценке риска атеросклероза и ИБС, предрасположенность к дислипидемии;LPA: T>C (14399M) (Аполипопротеин A, Lp(a));;;
Генетика;Системные генетические риски;Анализ крови по оценке риска атеросклероза и ИБС, предрасположенность к дислипидемии;LPL: 1595 C>G (S447X) (Липопротеиновая липаза);;;
Генетика;Системные генетические риски;Анализ крови по оценке риска атеросклероза и ИБС, предрасположенность к дислипидемии;LPL: A>G (N291S) (Липопротеиновая липаза);;;
Генетика;Системные генетические риски;Анализ крови по оценке риска атеросклероза и ИБС, предрасположенность к дислипидемии;MTR: 2756 A>G (Asp919Gly) (Метионин синтетаза);;;
Генетика;Системные генетические риски;Анализ крови по оценке риска атеросклероза и ИБС, предрасположенность к дислипидемии;MTRR: 66 A>G (Ile22Met) (Метионин-синтетаза-редуктаза);;;
Генетика;Системные генетические риски;Анализ крови по оценке риска атеросклероза и ИБС, предрасположенность к дислипидемии;NPY: A>G (Leu7Pro) (Нейропептид Y, препронейропептид);;;
Генетика;Системные генетические риски;Анализ крови по оценке риска атеросклероза и ИБС, предрасположенность к дислипидемии;SERPINE1 (PAI-1): -675 5G>4G (Ингибитор активатора плазминогена типа I);;;
Генетика;Системные генетические риски;Анализ крови по оценке риска атеросклероза и ИБС, предрасположенность к дислипидемии;SREBF2: 1784 G>C (Ala595Gly) (Фактор транскрипции связи с элементом стерола - sterol regulatory element-binding protein 1);;;
Генетика;Системные генетические риски;Анализ крови по оценке риска атеросклероза и ИБС, предрасположенность к дислипидемии;РИСК АТЕРОСКЛЕРОЗА И ИБС, ПРЕДРАСПОЛОЖЕННОСТЬ К ДИСЛИПИДЕМИИ;;;
Генетика;Спортивная генетика;Комплекс обследований по выбору спорта: силовой и скоростной;ГЕНЕТИКА;;;
Генетика;Спортивная генетика;Комплекс обследований по выбору спорта: силовой и скоростной;Выбор спорта: силовой или скоростной;;;
Генетика;Спортивная генетика;Комплекс обследований по генетической предрасположенности к высокой выносливости;Генетическая предрасположенность к высокой выносливости;;;
Генетика;Спортивная генетика;Комплекс обследований по генетической предрасположенности к высокой выносливости;ГЕНЕТИКА;;;
Генетика;Спортивная генетика;Комплекс обследований по генетической предрасположенности к спортивной травме;ГЕНЕТИКА;;;
Генетика;Спортивная генетика;Комплекс обследований по генетической предрасположенности к спортивной травме;Генетическая предрасположенность к спортивной травме;;;
Генетика;Фармакогенетика;Молекулярно-генетическое исследование генетических полиморфизмов ассоциированных с функциями интерлейкина 28B в крови;IL28B C>T rs12979860;;;
Генетика;Фармакогенетика;Молекулярно-генетическое исследование генетических полиморфизмов ассоциированных с функциями интерлейкина 28B в крови;IL28B T>G rs8099917;;;
Генетика;Фармакогенетика;Молекулярно-генетическое исследование генетических полиморфизмов ассоциированных с функциями интерлейкина 28B в крови;ПОЛИМОРФИЗМЫ, АССОЦИИРОВАННЫЕ С ФУНКЦИЯМИ ИНТЕРЛЕЙКИНА 28B (ТЕРАПИЯ ГЕПАТИТА C);;;
Генетика;Фармакогенетика;Выявление биологически оптимальной дозы приема препарата Варфарин - определение полиморфизмов, ассоциированных с метаболизмом варфарина: CYP2C9 (430 C>T (Arg144Cys)), CYP2C9 (1075 A>C (Ile359Leu)), CYP4F2 (1347 C>T (Val433Met)), VKORC1 (-1639 G>A));CYP2C9 - цитохром P450: 1075 A>C (Ile359Leu);;;
Генетика;Фармакогенетика;Выявление биологически оптимальной дозы приема препарата Варфарин - определение полиморфизмов, ассоциированных с метаболизмом варфарина: CYP2C9 (430 C>T (Arg144Cys)), CYP2C9 (1075 A>C (Ile359Leu)), CYP4F2 (1347 C>T (Val433Met)), VKORC1 (-1639 G>A));CYP2C9 - цитохром P450: 430 C>T (Arg144Cys);;;
Генетика;Фармакогенетика;Выявление биологически оптимальной дозы приема препарата Варфарин - определение полиморфизмов, ассоциированных с метаболизмом варфарина: CYP2C9 (430 C>T (Arg144Cys)), CYP2C9 (1075 A>C (Ile359Leu)), CYP4F2 (1347 C>T (Val433Met)), VKORC1 (-1639 G>A));CYP4F2 - лейкотриен B4 омега - гидроксилаза 1, семейства цитохрома P450: 1347 C>T (Val433Met);;;
Генетика;Фармакогенетика;Выявление биологически оптимальной дозы приема препарата Варфарин - определение полиморфизмов, ассоциированных с метаболизмом варфарина: CYP2C9 (430 C>T (Arg144Cys)), CYP2C9 (1075 A>C (Ile359Leu)), CYP4F2 (1347 C>T (Val433Met)), VKORC1 (-1639 G>A));VKORC1 - субъединица 1 фермента эпоксидредуктазы витамина K: 1639 G>A;;;
Генетика;Фармакогенетика;Выявление биологически оптимальной дозы приема препарата Варфарин - определение полиморфизмов, ассоциированных с метаболизмом варфарина: CYP2C9 (430 C>T (Arg144Cys)), CYP2C9 (1075 A>C (Ile359Leu)), CYP4F2 (1347 C>T (Val433Met)), VKORC1 (-1639 G>A));ПОЛИМОРФИЗМЫ, АССОЦИИРОВАННЫЕ С МЕТАБОЛИЗМОМ ВАРФАРИНА;;;
Генетика;Фармакогенетика;Выявление биологически оптимальной дозы приема препарата Варфарин - определение полиморфизмов, ассоциированных с метаболизмом варфарина: CYP2C9 (430 C>T (Arg144Cys)), CYP2C9 (1075 A>C (Ile359Leu)), CYP4F2 (1347 C>T (Val433Met)), VKORC1 (-1639 G>A));ГЕНОТИП CYP2C9 на основании результатов CYP2C9: 430 C>T и CYP2C9: 1075 A>C;;;
Генетика;Цитогенетика;Цитогенетическое исследование (кариотип);Заключение;;;
Генетика;Цитогенетика;Цитогенетическое исследование (кариотип);АНАЛИЗ КАРИОТИП (1 ПАЦИЕНТ);;;
Генетика;Цитогенетика;Цитогенетическое исследование (кариотип);Комментарии;;;

Генетика;Цитогенетика;Исследование хромосом на микроделеции и микродубликации;Клетки с аберрациями хромосом;;%;
Генетика;Цитогенетика;Исследование хромосом на микроделеции и микродубликации;Анеуплоидия;;;
Генетика;Цитогенетика;Исследование хромосом на микроделеции и микродубликации;Виды аберраций хромосом;;;
Генетика;Цитогенетика;Исследование хромосом на микроделеции и микродубликации;Делеции (частота аберраций);;;
Генетика;Цитогенетика;Исследование хромосом на микроделеции и микродубликации;Делеции (del);;;
Генетика;Цитогенетика;Исследование хромосом на микроделеции и микродубликации;Дицентрики (частота аббераций);;;
Генетика;Цитогенетика;Исследование хромосом на микроделеции и микродубликации;Дицентрики (dic);;;
Генетика;Цитогенетика;Исследование хромосом на микроделеции и микродубликации;Заключение;;;
Генетика;Цитогенетика;Исследование хромосом на микроделеции и микродубликации;Изохроматидные фрагменты;;;
Генетика;Цитогенетика;Исследование хромосом на микроделеции и микродубликации;Изохроматидные;;;
Генетика;Цитогенетика;Исследование хромосом на микроделеции и микродубликации;Инверсии (частота аберраций);;;
Генетика;Цитогенетика;Исследование хромосом на микроделеции и микродубликации;Инверсии (inv);;;
Генетика;Цитогенетика;Исследование хромосом на микроделеции и микродубликации;Кариотип;;;
Генетика;Цитогенетика;Исследование хромосом на микроделеции и микродубликации;Количество анализированных метафаз;;;
Генетика;Цитогенетика;Исследование хромосом на микроделеции и микродубликации;Кольца (частота аберраций);;;
Генетика;Цитогенетика;Исследование хромосом на микроделеции и микродубликации;Кольца (r);;;
Генетика;Цитогенетика;Исследование хромосом на микроделеции и микродубликации;Метод - 72-часовая культура лимфоцитов переферической крови. G-окраска;;;
Генетика;Цитогенетика;Исследование хромосом на микроделеции и микродубликации;Метод - 48-часовая культура лимфоцитов переферической крови;;;
Генетика;Цитогенетика;Исследование хромосом на микроделеции и микродубликации;Одиночные фрагменты;;;
Генетика;Цитогенетика;Исследование хромосом на микроделеции и микродубликации;Одиночные хроматидные;;;
Генетика;Цитогенетика;Исследование хромосом на микроделеции и микродубликации;Парные хроматидные;;;
Генетика;Цитогенетика;Исследование хромосом на микроделеции и микродубликации;Парные хроматидные;;;
Генетика;Цитогенетика;Исследование хромосом на микроделеции и микродубликации;Парные хроматидные фрагменты;;;
Генетика;Цитогенетика;Исследование хромосом на микроделеции и микродубликации;Полиплоидия;;;
Генетика;Цитогенетика;Исследование хромосом на микроделеции и микродубликации;Разрывы по цетромере;;;
Генетика;Цитогенетика;Исследование хромосом на микроделеции и микродубликации;Разрывы хроматид (частота аберраций);;;
Генетика;Цитогенетика;Исследование хромосом на микроделеции и микродубликации;Транслокации (частота аберраций);;;
Генетика;Цитогенетика;Исследование хромосом на микроделеции и микродубликации;Транслокации (t);;;
Генетика;Цитогенетика;Исследование хромосом на микроделеции и микродубликации;КАРИОТИПИРОВАНИЕ;;;
Генетика;Цитогенетика;Исследование хромосом на микроделеции и микродубликации;Аберрации хромосом;;;
Генетика;Цитогенетика;Исследование хромосом на микроделеции и микродубликации;Аберрации хромосом (локализация/число);;;
Генетика;Цитогенетика;Исследование хромосом на микроделеции и микродубликации;Аномальные хромосомы;;;
Генетика;Цитогенетика;Исследование хромосом на микроделеции и микродубликации;Частота аберраций хромосом на 1 клетку;;;
Генетика;Цитогенетика;Исследование хромосом на микроделеции и микродубликации;Численные аномалии хромосомного набора;;;
Генетика;Цитогенетика;Цитогенетическое исследование (кариотип);Анализ кариотипа с фотографией хромосом;Анализ кариотипа с фотографией хромосом;;
