"Раздел";"Подраздел";"Исследование";"Параметр";"Норма";"Единицы измерения"
"Анализы мочи";"Анализы мочи";"Анализ мочи по Зимницкому";"Диурез";"65-80";"%"
"Анализы мочи";"Анализы мочи";"Анализ мочи по Зимницкому";"Дневной диурез";"-";"мл"
"Анализы мочи";"Анализы мочи";"Анализ мочи по Зимницкому";"Количество выпитой жидкости";"-";"мл"
"Анализы мочи";"Анализы мочи";"Анализ мочи по Зимницкому";"Ночной диурез";"-";"мл"
"Анализы мочи";"Анализы мочи";"Анализ мочи по Зимницкому";"Средняя суточная плотность";"-";"-"
"Анализы мочи";"Анализы мочи";"Анализ мочи по Зимницкому";"Суточный диурез";"800-2500";"мл"
"Анализы мочи";"Анализы мочи";"Микроскопическое исследование мочи на микробактерии туберкулеза";"Анализ мочи на микобактерии туберкулеза";"-";"-"
"Анализы мочи";"Анализы мочи";"Исследование мочи методом Нечипоренко";"Количество мочи";"-";"-"
"Анализы мочи";"Анализы мочи";"Исследование мочи методом Нечипоренко";"Количество лейкоцитов";"0-2000";"кл/мл"
"Анализы мочи";"Анализы мочи";"Исследование мочи методом Нечипоренко";"Количество цилиндров";"0-20";"кл/мл"
"Анализы мочи";"Анализы мочи";"Исследование мочи методом Нечипоренко";"Количество эритроцитов";"0-1000";"кл/мл"
"Анализы мочи";"Анализы мочи";"Общий анализ мочи";"Аморфные ураты";"-";"-"
"Анализы мочи";"Анализы мочи";"Общий анализ мочи";"Бактерии кокки";"-";"-"
"Анализы мочи";"Анализы мочи";"Общий анализ мочи";"Бактерии палочки";"-";"-"
"Анализы мочи";"Анализы мочи";"Общий анализ мочи";"Бактерии ";"-";"-"
"Анализы мочи";"Анализы мочи";"Общий анализ мочи";"Билирубин";"-";"-"
"Анализы мочи";"Анализы мочи";"Общий анализ мочи";"Глюкоза";"-";"-"
"Анализы мочи";"Анализы мочи";"Общий анализ мочи";"Кетоны";"-";"-"
"Анализы мочи";"Анализы мочи";"Общий анализ мочи";"Кристаллы мочевой кислоты";"-";"-"
"Анализы мочи";"Анализы мочи";"Общий анализ мочи";"Лейкоциты";"0-5";"п/зр"
"Анализы мочи";"Анализы мочи";"Общий анализ мочи";"Лейкоциты суммарные";"0-5";"п/зр"
"Анализы мочи";"Анализы мочи";"Общий анализ мочи";"Нитриты";"-";"-"
"Анализы мочи";"Анализы мочи";"Общий анализ мочи";"Общий белок";"-";"-"
"Анализы мочи";"Анализы мочи";"Общий анализ мочи";"Оксалаты";"-";"-"
"Анализы мочи";"Анализы мочи";"Общий анализ мочи";"Относительная плотность";"1.0-1.02";"г/мл"
"Анализы мочи";"Анализы мочи";"Общий анализ мочи";"Переходный эпителий";"-";"-"
"Анализы мочи";"Анализы мочи";"Общий анализ мочи";"Плоский эпителий";"-";"-"
"Анализы мочи";"Анализы мочи";"Общий анализ мочи";"Прозрачность";"-";"-"
"Анализы мочи";"Анализы мочи";"Общий анализ мочи";"Реакция (pH)";"5-9";"Ед"
"Анализы мочи";"Анализы мочи";"Общий анализ мочи";"Слизь";"-";"-"
"Анализы мочи";"Анализы мочи";"Общий анализ мочи";"Сперматозоиды";"-";"-"
"Анализы мочи";"Анализы мочи";"Общий анализ мочи";"Споры грибов";"-";"-"
"Анализы мочи";"Анализы мочи";"Общий анализ мочи";"Трипельфосфаты";"-";"-"
"Анализы мочи";"Анализы мочи";"Общий анализ мочи";"Уробилиноген";"-";"-"
"Анализы мочи";"Анализы мочи";"Общий анализ мочи";"Цвет";"-";"-"
"Анализы мочи";"Анализы мочи";"Общий анализ мочи";"Цилиндры восковые";"-";"-"
"Анализы мочи";"Анализы мочи";"Общий анализ мочи";"Цилиндры гиалиновые";"-";"-"
"Анализы мочи";"Анализы мочи";"Общий анализ мочи";"Цилиндры зернистые";"-";"-"
"Анализы мочи";"Анализы мочи";"Общий анализ мочи";"Цилиндры эритроцитарные";"-";"-"
"Анализы мочи";"Анализы мочи";"Общий анализ мочи";"Эритроциты";"0-1";"п/зр"
"Анализы мочи";"Анализы мочи";"Общий анализ мочи";"Эритроциты суммарные";"0-1";"п/зр"
"Анализы мочи";"Белки в моче";"Определение микроальбумина в моче";"Альбумин в моче (от 0 месяцев до 1 месяца)";252;"мг/л"
"Анализы мочи";"Белки в моче";"Определение микроальбумина в моче";"Альбумин в моче (от 1 месяца до 1 года)";19;"мг/л"
"Анализы мочи";"Белки в моче";"Определение микроальбумина в моче";"Альбумин в моче (от 1 года до 6 лет)";12.3;"мг/л"
"Анализы мочи";"Белки в моче";"Определение микроальбумина в моче";"Альбумин в моче (от 6 до 11 лет)";25.5;"мг/л"
"Анализы мочи";"Белки в моче";"Определение микроальбумина в моче";"Альбумин в моче (от 11 до 16 лет)";20;"мг/л"
"Анализы мочи";"Белки в моче";"Определение микроальбумина в моче";"Альбумин в моче (от 16 до 99 лет)";30.4;"мг/л"
"Анализы мочи";"Белки в моче";"Исследование уровня бета-2 микроглобулина в моче";"Бета-2 микроглобулин в моче";0.32;"мг/л"
"Анализы мочи";"Белки в моче";"Определение микроальбумина в суточной моче";"Микроальбумин в моче за сутки";"0-30";"мг/сут"
"Анализы мочи";"Белки в моче";"Определение белка в моче";"Общий белок в моче";0.15;"г/мл"
"Анализы мочи";"Белки в моче";"Определение количества белка в суточной моче";"Общий белок в моче за сутки";0.14;"г/сут"
"Анализы мочи";"Белки в моче";"Исследование белков в моче методом электрофореза";"Электрофорез белков мочи";"-";"-"
"Анализы мочи";"Биохимические исследования мочи";"Определение активности альфа-амилазы в моче";"Альфа-амилаза в моче (жен)";"21-447";"Е/л"
"Анализы мочи";"Биохимические исследования мочи";"Определение активности альфа-амилазы в моче";"Альфа-амилаза в моче (муж)";"16-491";"Е/л"
"Анализы мочи";"Биохимические исследования мочи";"Определение активности альфа-амилазы панкреатической в моче";"Альфа-амилаза панкреатическая в моче (жен)";"17-319";"Е/л"
"Анализы мочи";"Биохимические исследования мочи";"Определение активности альфа-амилазы панкреатической в моче";"Альфа-амилаза панкреатическая в моче (муж)";"7-356";"Е/л"
"Анализы мочи";"Биохимические исследования мочи";"Исследование уровня глюкозы в моче";"Глюкоза в моче";"0.3-1.1";"ммоль/л"
"Анализы мочи";"Биохимические исследования мочи";"Исследование уровня глюкозы в суточной моче";"Глюкоза в моче за сутки";2.78;"ммоль/сут"
"Анализы мочи";"Биохимические исследования мочи";"Исследование уровня электролитов (калий, натрий, хлор) в моче";"Калий в моче (жен, от 18 до 40 лет)";"17-145";"ммоль/л"
"Анализы мочи";"Биохимические исследования мочи";"Исследование уровня электролитов (калий, натрий, хлор) в моче";"Калий в моче (жен, от 40 до 99 лет)";"22-164";"ммоль/л"
"Анализы мочи";"Биохимические исследования мочи";"Исследование уровня электролитов (калий, натрий, хлор) в моче";"Калий в моче (муж, от 18 до 40 лет)";"11-80";"ммоль/л"
"Анализы мочи";"Биохимические исследования мочи";"Исследование уровня электролитов (калий, натрий, хлор) в моче";"Калий в моче (муж, от 40 до 99 лет)";"17-99";"ммоль/л"
"Анализы мочи";"Биохимические исследования мочи";"Исследование уровня электролитов (калий, натрий, хлор) в моче";"Натрий в моче (от 14 до 90 лет)";"136-145";"ммоль/л"
"Анализы мочи";"Биохимические исследования мочи";"Исследование уровня электролитов (калий, натрий, хлор) в моче";"Натрий в моче (от 90 до 99 лет)";"132-146";"ммоль/л"
"Анализы мочи";"Биохимические исследования мочи";"Исследование уровня электролитов (калий, натрий, хлор) в моче";"Хлориды в моче (от 30 дней до 90 лет)";"98-107";"ммоль/л"
"Анализы мочи";"Биохимические исследования мочи";"Исследование уровня электролитов (калий, натрий, хлор) в моче";"Хлориды в моче (от 90 до 99 лет)";"98-111";"ммоль/л"
"Анализы мочи";"Биохимические исследования мочи";"Исследование уровня электролитов (калий, натрий, хлор) в суточной моче";"Калий в моче за сутки (жен, от 0 дней до 10 лет)";"8-37";"ммоль/сут"
"Анализы мочи";"Биохимические исследования мочи";"Исследование уровня электролитов (калий, натрий, хлор) в суточной моче";"Калий в моче за сутки (жен, от 10 лет до 14 лет)";"18-58";"ммоль/сут"
"Анализы мочи";"Биохимические исследования мочи";"Исследование уровня электролитов (калий, натрий, хлор) в суточной моче";"Калий в моче за сутки (муж, от 0 дней до 10 лет)";"17-54";"ммоль/сут"
"Анализы мочи";"Биохимические исследования мочи";"Исследование уровня электролитов (калий, натрий, хлор) в суточной моче";"Калий в моче за сутки (муж, от 10 лет до 14 лет)";"22-57";"ммоль/сут"
"Анализы мочи";"Биохимические исследования мочи";"Исследование уровня электролитов (калий, натрий, хлор) в суточной моче";"Натрий в моче за сутки (жен, от 0 дней до 10 лет)";"10-69";"ммоль/сут"
"Анализы мочи";"Биохимические исследования мочи";"Исследование уровня электролитов (калий, натрий, хлор) в суточной моче";"Натрий в моче за сутки (жен, от 10 до 14 лет)";"48-168";"ммоль/сут"
"Анализы мочи";"Биохимические исследования мочи";"Исследование уровня электролитов (калий, натрий, хлор) в суточной моче";"Натрий в моче за сутки (жен, от 14 до 99 лет)";"27-287";"ммоль/сут"
"Анализы мочи";"Биохимические исследования мочи";"Исследование уровня электролитов (калий, натрий, хлор) в суточной моче";"Натрий в моче за сутки (муж, от 0 дней до 10 лет)";"41-115";"ммоль/сут"
"Анализы мочи";"Биохимические исследования мочи";"Исследование уровня электролитов (калий, натрий, хлор) в суточной моче";"Натрий в моче за сутки (муж, от 10 до 14 лет)";"63-177";"ммоль/сут"
"Анализы мочи";"Биохимические исследования мочи";"Исследование уровня электролитов (калий, натрий, хлор) в суточной моче";"Натрий в моче за сутки (муж, от 14 до 99 лет)";"40-220";"ммоль/сут"
"Анализы мочи";"Биохимические исследования мочи";"Исследование уровня электролитов (калий, натрий, хлор) в суточной моче";"Хлориды в моче за сутки (жен, от 10 до 14 лет)";"36-173";"ммоль/сут"
"Анализы мочи";"Биохимические исследования мочи";"Исследование уровня электролитов (калий, натрий, хлор) в суточной моче";"Хлориды в моче за сутки (жен, от 6 до 10 лет)";"18-74";"ммоль/сут"
"Анализы мочи";"Биохимические исследования мочи";"Исследование уровня электролитов (калий, натрий, хлор) в суточной моче";"Хлориды в моче за сутки (муж, от 10 до 14 лет)";"64-176";"ммоль/сут"
"Анализы мочи";"Биохимические исследования мочи";"Исследование уровня электролитов (калий, натрий, хлор) в суточной моче";"Хлориды в моче за сутки (муж, от 6 до 10 лет)";"36-110";"ммоль/сут"
"Анализы мочи";"Биохимические исследования мочи";"Исследование уровня электролитов (калий, натрий, хлор) в суточной моче";"Хлориды в моче за сутки (от 0 дней до 1 месяца)";"2-10";"ммоль/сут"
"Анализы мочи";"Биохимические исследования мочи";"Исследование уровня электролитов (калий, натрий, хлор) в суточной моче";"Хлориды в моче за сутки (от 1 месяца до 6 лет)";"15-40";"ммоль/сут"
"Анализы мочи";"Биохимические исследования мочи";"Исследование уровня электролитов (калий, натрий, хлор) в суточной моче";"Хлориды в моче за сутки (от 14 до 60 лет)";"110-250";"ммоль/сут"
"Анализы мочи";"Биохимические исследования мочи";"Исследование уровня электролитов (калий, натрий, хлор) в суточной моче";"Хлориды в моче за сутки (от 60 до 99 лет)";"95-195";"ммоль/сут"
"Анализы мочи";"Биохимические исследования мочи";"Исследование уровня кальция в суточной моче";"Кальций в моче за сутки (от 13 до 99 лет)";"2.5-7.5";"ммоль/сут"
"Анализы мочи";"Биохимические исследования мочи";"Исследование уровня кальция в суточной моче";"Кальций в моче за сутки (от 5 до 13 лет)";0.15;"ммоль/сут"
"Анализы мочи";"Биохимические исследования мочи";"Исследование уровня кальция в моче";"Кальций в моче";"-";"-"
"Анализы мочи";"Биохимические исследования мочи";"Исследование уровня креатинина в моче";"Креатинин в моче (жен)";"2.47-19.2";"ммоль/л"
"Анализы мочи";"Биохимические исследования мочи";"Исследование уровня креатинина в моче";"Креатинин в моче (муж)";"3.45-22.9";"ммоль/л"
"Анализы мочи";"Биохимические исследования мочи";"Исследование уровня креатинина в суточной моче";"Креатинин в моче за сутки (жен)";"7-14";"ммоль/сут"
"Анализы мочи";"Биохимические исследования мочи";"Исследование уровня креатинина в суточной моче";"Креатинин в моче за сутки (муж)";"9-21";"ммоль/сут"
"Анализы мочи";"Биохимические исследования мочи";"Исследование уровня магния в суточной моче";"магний в моче за сутки";"3-5";"ммоль/сут"
"Анализы мочи";"Биохимические исследования мочи";"Исследование уровня магния в моче";"магний в моче";"2.2-5.47";"ммоль/л"
"Анализы мочи";"Биохимические исследования мочи";"Исследование уровня мочевой кислоты в моче";"мочевая кислота в моче";"2.2-5.47";"ммоль/л"
"Анализы мочи";"Биохимические исследования мочи";"Исследование уровня мочевой кислоты в суточной моче";"мочевая кислота в моче за сутки";"1.2-5.9";"ммоль/сут"
"Анализы мочи";"Биохимические исследования мочи";"Исследование уровня мочевины в моче";"мочевина в моче";"286-595";"ммоль/л"
"Анализы мочи";"Биохимические исследования мочи";"Исследование уровня мочевины в суточной моче";"Мочевина в моче за сутки";"428-714";"ммоль/сут"
"Анализы мочи";"Биохимические исследования мочи";"Определение оксалатов в суточной норме";"оксалаты в моче за сутки (жен, от 15 до 99 лет)";"0.04-0.32";"ммоль/сут"
"Анализы мочи";"Биохимические исследования мочи";"Определение оксалатов в суточной норме";"оксалаты в моче за сутки (муж, от 15 до 99 лет)";"0.08-0.49";"ммоль/сут"
"Анализы мочи";"Биохимические исследования мочи";"Определение оксалатов в суточной норме";"оксалаты в моче за сутки (от 0 до 15 лет)";"0.14-0.42";"ммоль/сут"
"Анализы мочи";"Биохимические исследования мочи";"Исследование функции нефронов по клиренсу креатинина";"Канальцевая реабсорбация";"95-99";"%"
"Анализы мочи";"Биохимические исследования мочи";"Исследование функции нефронов по клиренсу креатинина";"Скорость клубочковой фильтрации (от 0 дней до 1 года)";"65-100";"мл/мин"
"Анализы мочи";"Биохимические исследования мочи";"Исследование функции нефронов по клиренсу креатинина";"Скорость клубочковой фильтрации (жен, от 1 года до 30 лет)";"81-134";"мл/мин"
"Анализы мочи";"Биохимические исследования мочи";"Исследование функции нефронов по клиренсу креатинина";"Скорость клубочковой фильтрации (жен, от 30 до 40 лет)";"75-128";"мл/мин"
"Анализы мочи";"Биохимические исследования мочи";"Исследование функции нефронов по клиренсу креатинина";"Скорость клубочковой фильтрации (жен, от 40 до 50 лет)";"58-110";"мл/мин"
"Анализы мочи";"Биохимические исследования мочи";"Исследование функции нефронов по клиренсу креатинина";"Скорость клубочковой фильтрации (жен, от 50 до 70 лет)";"75-128";"мл/мин"
"Анализы мочи";"Биохимические исследования мочи";"Исследование функции нефронов по клиренсу креатинина";"Скорость клубочковой фильтрации (жен, от 70 до 99 лет)";"52-105";"мл/мин"
"Анализы мочи";"Биохимические исследования мочи";"Исследование функции нефронов по клиренсу креатинина";"Скорость клубочковой фильтрации (муж, от 1 года до 30 лет)";"88-146";"мл/мин"
"Анализы мочи";"Биохимические исследования мочи";"Исследование функции нефронов по клиренсу креатинина";"Скорость клубочковой фильтрации (муж, от 30 до 40 лет)";"82-140";"мл/мин"
"Анализы мочи";"Биохимические исследования мочи";"Исследование функции нефронов по клиренсу креатинина";"Скорость клубочковой фильтрации (муж, от 40 до 50 лет)";"61-120";"мл/мин"
"Анализы мочи";"Биохимические исследования мочи";"Исследование функции нефронов по клиренсу креатинина";"Скорость клубочковой фильтрации (муж, от 50 до 70 лет)";"82-140";"мл/мин"
"Анализы мочи";"Биохимические исследования мочи";"Исследование функции нефронов по клиренсу креатинина";"Скорость клубочковой фильтрации (муж, от 70 до 99 лет)";"55-113";"мл/мин"
"Анализы мочи";"Биохимические исследования мочи";"Исследование уровня фосфора в моче";"Фосфор в моче";"13-44";"ммоль/л"
"Анализы мочи";"Биохимические исследования мочи";"Исследование уровня фосфора в суточной моче";"Фосфор в моче за сутки";"13-42";"ммоль/сут"
"Анализы мочи";"Биохимические исследования мочи";"Анализ минерального состава мочевых камней";"-";"-";"-"
"Анализы мочи";"Гормоны и метаболиты в моче";"Исследование уровня 5-гидроксииндолуксусной кислоты в моче";"5-оксииндолуксусная кислота в моче за сутки";"3-15";"мг/сут"
"Анализы мочи";"Гормоны и метаболиты в моче";"Исследование уровня адреналина в суточной моче";"Адреналин в моче за сутки (от 0 лет до 1 года)";"0-2.5";"мкг/сут"
"Анализы мочи";"Гормоны и метаболиты в моче";"Исследование уровня адреналина в суточной моче";"Адреналин в моче за сутки (от 1 года до 2 лет)";"0-3.5";"мкг/сут"
"Анализы мочи";"Гормоны и метаболиты в моче";"Исследование уровня адреналина в суточной моче";"Адреналин в моче за сутки (от 2 до 4 лет)";"0-6";"мкг/сут"
"Анализы мочи";"Гормоны и метаболиты в моче";"Исследование уровня адреналина в суточной моче";"Адреналин в моче за сутки (от 4 до 10 лет)";"0.2-10";"мкг/сут"
"Анализы мочи";"Гормоны и метаболиты в моче";"Исследование уровня адреналина в суточной моче";"Адреналин в моче за сутки (от 10 до 16 лет)";"0.5-20";"мкг/сут"
"Анализы мочи";"Гормоны и метаболиты в моче";"Исследование уровня адреналина в суточной моче";"Адреналин в моче за сутки (от 16 лет до 99 лет)";"0-25";"мкг/сут"
"Анализы мочи";"Гормоны и метаболиты в моче";"Исследование уровня гистамина в суточной моче";"Гистамин в моче за сутки";"0-45";"мкг/сут"
"Анализы мочи";"Гормоны и метаболиты в моче";"Исследование уровня дофамина в суточной моче";"Дофамин в моче за сутки (от 0 лет до 1 года)";"0-85";"мкг/сут"
"Анализы мочи";"Гормоны и метаболиты в моче";"Исследование уровня дофамина в суточной моче";"Дофамин в моче за сутки (от 1 года до 2 лет)";"10-140";"мкг/сут"
"Анализы мочи";"Гормоны и метаболиты в моче";"Исследование уровня дофамина в суточной моче";"Дофамин в моче за сутки (от 2 до 4 лет)";"40-260";"мкг/сут"
"Анализы мочи";"Гормоны и метаболиты в моче";"Исследование уровня дофамина в суточной моче";"Дофамин в моче за сутки (от 4 до 10 лет)";"65-400";"мкг/сут"
"Анализы мочи";"Гормоны и метаболиты в моче";"Исследование уровня дофамина в суточной моче";"Дофамин в моче за сутки (от 10 до 16 лет)";"65-500";"мкг/сут"
"Анализы мочи";"Гормоны и метаболиты в моче";"Исследование уровня дофамина в суточной моче";"Дофамин в моче за сутки (от 16 до 99 лет)";"65-500";"мкг/сут"
"Анализы мочи";"Гормоны и метаболиты в моче";"Исследование уровня свободного кортизолоа в суточной моче";"Кортизол в моче за сутки";"36-137";"мкг/сут"
"Анализы мочи";"Гормоны и метаболиты в моче";"Исследование уровня метанефринов в суточной моче";"Метанефрины общие в моче за сутки";350;"мкг/сут"
"Анализы мочи";"Гормоны и метаболиты в моче";"Исследование уровня норадреналина в суточной моче";"Норадреналин в моче за сутки (от 0 лет до 1 года)";"0-10";"мкг/сут"
"Анализы мочи";"Гормоны и метаболиты в моче";"Исследование уровня норадреналина в суточной моче";"Норадреналин в моче за сутки (от 1 года до 2 лет)";"1-17";"мкг/сут"
"Анализы мочи";"Гормоны и метаболиты в моче";"Исследование уровня норадреналина в суточной моче";"Норадреналин в моче за сутки (от 2 до 4 лет)";"4-29";"мкг/сут"
"Анализы мочи";"Гормоны и метаболиты в моче";"Исследование уровня норадреналина в суточной моче";"Норадреналин в моче за сутки (от 4 до 10 лет)";"8-65";"мкг/сут"
"Анализы мочи";"Гормоны и метаболиты в моче";"Исследование уровня норадреналина в суточной моче";"Норадреналин в моче за сутки (от 10 до 16 лет)";"15-70";"мкг/сут"
"Анализы мочи";"Гормоны и метаболиты в моче";"Исследование уровня норадреналина в суточной моче";"Норадреналин в моче за сутки (от 16 до 99 лет)";"15-70";"мкг/сут"
"Анализы мочи";"Гормоны и метаболиты в моче";"Исследование уровня норметанефринов в суточной моче";"Норметанефрины общие в моче за сутки";600;"мкг/сут"
"Анализы мочи";"Гормоны и метаболиты в моче";"Исследование уровня свободных норметанефринов в суточной моче";"Норметанефрины свободные в моче за сутки";146;"мкг/сут"
"Анализы мочи";"Гормоны и метаболиты в моче";"Исследование уровня C-пептида в суточной моче";"C-пептида в моче за сутки";"17.2-181";"мкг/сут"
"Анализы мочи";"Гормоны и метаболиты в моче";"Исследование уровня серотонина в суточной моче";"Серотонин в моче за сутки";"50-250";"мкг/сут"
"Анализы мочи";"Гормоны и метаболиты в моче";"Комплексное определение концентрации стероидных гормонов методом тандемной масс-спектрометрии";"Андростендион (жен)";"5-60";"мкг/сут"
"Анализы мочи";"Гормоны и метаболиты в моче";"Комплексное определение концентрации стероидных гормонов методом тандемной масс-спектрометрии";"Андростендион (муж)";"4-56";"мкг/сут"
"Анализы мочи";"Гормоны и метаболиты в моче";"Комплексное определение концентрации стероидных гормонов методом тандемной масс-спектрометрии";"Андростерон (жен)";"240-2300";"мкг/сут"
"Анализы мочи";"Гормоны и метаболиты в моче";"Комплексное определение концентрации стероидных гормонов методом тандемной масс-спектрометрии";"Андростерон (муж)";"320-5400";"мкг/сут"
"Анализы мочи";"Гормоны и метаболиты в моче";"Комплексное определение концентрации стероидных гормонов методом тандемной масс-спектрометрии";"Соотношение андростерон/этиохоланон (жен)";"0.29-2.32";"-"
"Анализы мочи";"Гормоны и метаболиты в моче";"Комплексное определение концентрации стероидных гормонов методом тандемной масс-спектрометрии";"Соотношение андростерон/этиохоланон (муж)";"0.38-2.3";"-"
"Анализы мочи";"Гормоны и метаболиты в моче";"Комплексное определение концентрации стероидных гормонов методом тандемной масс-спектрометрии";"Дегидроэпиандростерон";"21-2170";"мкг/сут"
"Анализы мочи";"Гормоны и метаболиты в моче";"Комплексное определение концентрации стероидных гормонов методом тандемной масс-спектрометрии";"Соотношение тестостерон/эпитестостерон (жен)";"0.12-3.76";"мкг/сут"
"Анализы мочи";"Гормоны и метаболиты в моче";"Комплексное определение концентрации стероидных гормонов методом тандемной масс-спектрометрии";"Соотношение тестостерон/эпитестостерон (муж)";"0.09-5.62";"мкг/сут"
"Анализы мочи";"Гормоны и метаболиты в моче";"Комплексное определение концентрации стероидных гормонов методом тандемной масс-спектрометрии";"Тестостерон (жен)";"5-38";"мкг/сут"
"Анализы мочи";"Гормоны и метаболиты в моче";"Комплексное определение концентрации стероидных гормонов методом тандемной масс-спектрометрии";"Тестостерон (муж)";"20-170";"мкг/сут"
"Анализы мочи";"Гормоны и метаболиты в моче";"Комплексное определение концентрации стероидных гормонов методом тандемной масс-спектрометрии";"Эпиандростерон (жен)";"1.34-46";"мкг/сут"
"Анализы мочи";"Гормоны и метаболиты в моче";"Комплексное определение концентрации стероидных гормонов методом тандемной масс-спектрометрии";"Эпиандростерон (муж)";"1.5-46";"мкг/сут"
"Анализы мочи";"Гормоны и метаболиты в моче";"Комплексное определение концентрации стероидных гормонов методом тандемной масс-спектрометрии";"Этиохоалон (жен)";"245-2300";"мкг/сут"
"Анализы мочи";"Гормоны и метаболиты в моче";"Комплексное определение концентрации стероидных гормонов методом тандемной масс-спектрометрии";"Этиохоалон (муж)";"430-3300";"мкг/сут"
"Аллергологические исследования";"DR.FOOKE лекарственные аллергены. Анальгетики и нестероидные противовоспалительные препараты (IgG)";"Исследование уровня антител IgG к аллергену с111 Фенацетин в крови";"с111 Фенацетин, Phenacetine IgG";"-";"-"
"Аллергологические исследования";"DR.FOOKE лекарственные аллергены. Анальгетики и нестероидные противовоспалительные препараты (IgG)";"Исследование уровня антител IgG к аллергену с51 Ацетилсалициловая кислота в крови";"с51 Ацетилсалициловая кислота, Acetylsalicylic acid (ASS) IgG";"-";"-"
"Аллергологические исследования";"DR.FOOKE лекарственные аллергены. Анальгетики и нестероидные противовоспалительные препараты (IgG)";"Исследование уровня антител IgG к аллергену с78 Ибупрофен в крови";"с78 Ибупрофен, Ibuprofen IgG";"-";"-"
"Аллергологические исследования";"DR.FOOKE лекарственные аллергены. Анальгетики и нестероидные противовоспалительные препараты (IgG)";"Исследование уровня антител IgG к аллергену с79 Диклофенак в крови";"с79 Диклофенак, Diclofenac IgG";"-";"-"
"Аллергологические исследования";"DR.FOOKE лекарственные аллергены. Анальгетики и нестероидные противовоспалительные препараты (IgG)";"Исследование уровня антител IgG к аллергену с85 Парацетамол в крови";"с85 Парацетамол, Paracetamol IgG";"-";"-"
"Аллергологические исследования";"DR.FOOKE лекарственные аллергены. Анальгетики и нестероидные противовоспалительные препараты (IgG)";"Исследование уровня антител IgG к аллергену с91 Анальгин (метамизол) в крови";"с91 Анальгин (метамизол), Metamizol IgG";"-";"-"
"Аллергологические исследования";"DR.FOOKE лекарственные аллергены. Анальгетики и нестероидные противовоспалительные препараты (IgG)";"Исследование уровня антител IgG к аллергену с93 Индометацин в крови";"с93 Индометацин, Indomethacine IgG";"-";"-"
"Аллергологические исследования";"DR.FOOKE лекарственные аллергены. Антибактериальные препараты (антибиотики) (IgG)";"Исследование уровня антител IgG к аллергену с1 Пенициллин G в крови";"с1 Пеницилин G, Penicillin";"-";"-"
"Аллергологические исследования";"DR.FOOKE лекарственные аллергены. Антибактериальные препараты (антибиотики) (IgG)";"Исследование уровня антител IgG к аллергену с108 Ципрофлоксацин в крови";"с108 Ципрофлоксацин, Ciprofloxacin IgG";"-";"-"
"Аллергологические исследования";"DR.FOOKE лекарственные аллергены. Антибактериальные препараты (антибиотики) (IgG)";"Исследование уровня антител IgG к аллергену с115 Линкомицин в крови";"с115 Линкомицин, Lincomycin IgG";"-";"-"
"Аллергологические исследования";"DR.FOOKE лекарственные аллергены. Антибактериальные препараты (антибиотики) (IgG)";"Исследование уровня антител IgG к аллергену с118 Офлоксацин в крови";"с118 Офлоксацин, Ofloxacin IgG";"-";"-"
"Аллергологические исследования";"DR.FOOKE лекарственные аллергены. Антибактериальные препараты (антибиотики) (IgG)";"Исследование уровня антител IgG к аллергену с152 Хлорамфеникол (Левомицетин) в крови";"с152 Хлорамфеникол (Левомицетин), Chloramphenicol IgG";"-";"-"
"Аллергологические исследования";"DR.FOOKE лекарственные аллергены. Антибактериальные препараты (антибиотики) (IgG)";"Исследование уровня антител IgG к аллергену с165 Цефаклор в крови";"с165 Цефаклор, Cefaclor IgG";"-";"-"
"Аллергологические исследования";"DR.FOOKE лекарственные аллергены. Антибактериальные препараты (антибиотики) (IgG)";"Исследование уровня антител IgG к аллергену с175 Норфлоксацин в крови";"с175 Норфлоксацин, Norfloxacin IgG";"-";"-"
"Аллергологические исследования";"DR.FOOKE лекарственные аллергены. Антибактериальные препараты (антибиотики) (IgG)";"Исследование уровня антител IgG к аллергену c2 Пенициллин V в крови";"с2 Пенициллин V, Penicillin V IgG";"-";"-"
"Аллергологические исследования";"DR.FOOKE лекарственные аллергены. Антибактериальные препараты (антибиотики) (IgG)";"Исследование уровня антител IgG к аллергену c5 Ампициллин в крови";"с5 Ампициллин, Ampicillin IgG";"-";"-"
"Аллергологические исследования";"DR.FOOKE лекарственные аллергены. Антибактериальные препараты (антибиотики) (IgG)";"Исследование уровня антител IgG к аллергену c55 Цефалоспорин в крови";"с55 Цефалоспорин, Cephalosporin IgG";"-";"-"
"Аллергологические исследования";"DR.FOOKE лекарственные аллергены. Антибактериальные препараты (антибиотики) (IgG)";"Исследование уровня антител IgG к аллергену c59 Тетрациклин в крови";"с59 Тетрациклин, Tetracycline IgG";"-";"-"
"Аллергологические исследования";"DR.FOOKE лекарственные аллергены. Антибактериальные препараты (антибиотики) (IgG)";"Исследование уровня антител IgG к аллергену c6 Амоксицилин в крови";"с6 Амоксицилин, Amoxycilin IgG";"-";"-"
"Аллергологические исследования";"DR.FOOKE лекарственные аллергены. Антибактериальные препараты (антибиотики) (IgG)";"Исследование уровня антител IgG к аллергену c60 Гентамицин в крови";"с60 Гентамицин, Gentamycin IgG";"-";"-"
"Аллергологические исследования";"DR.FOOKE лекарственные аллергены. Антибактериальные препараты (антибиотики) (IgG)";"Исследование уровня антител IgG к аллергену c61 Эритромицин в крови";"с61 Эритромицин, Erythromycin IgG";"-";"-"
"Аллергологические исследования";"DR.FOOKE лекарственные аллергены. Антибактериальные препараты (антибиотики) (IgG)";"Исследование уровня антител IgG к аллергену c62 Доксициклин в крови";"с62 Доксициклин, Doxycyclin IgG";"-";"-"
"Аллергологические исследования";"DR.FOOKE лекарственные аллергены. Антибактериальные препараты (антибиотики) (IgG)";"Исследование уровня антител IgG к аллергену c66 стрептомицин в крови";"с66 Стрептомицин, Streptomycin IgG";"-";"-"
"Аллергологические исследования";"DR.FOOKE лекарственные аллергены. Гормональные препараты (IgG)";"Исследование уровня антител IgG к аллергену с196 эпинефрин в крови";"с196 Эпинефрин, Epinefrine IgG";"-";"-"
"Аллергологические исследования";"DR.FOOKE лекарственные аллергены. Другие противомикробные и противопротозойные препараты (IgG)";"Исследование уровня антител IgG к аллергену с153 Метронидазол в крови";"с153 Метронидазол, Metronidazol IgG";"-";"-"
"Аллергологические исследования";"DR.FOOKE лекарственные аллергены. Другие противомикробные и противопротозойные препараты (IgG)";"Исследование уровня антител IgG к аллергену с57 Триметоприм в крови";"с57 Триметоприм, Trimethoprine IgG";"-";"-"
"Аллергологические исследования";"DR.FOOKE лекарственные аллергены. Другие противомикробные и противопротозойные препараты (IgG)";"Исследование уровня антител IgG к аллергену с58 Сульфаметоксазол в крови";"с58 Сульфаметоксазол, Sulfamethoxazole IgG";"-";"-"
"Аллергологические исследования";"DR.FOOKE лекарственные аллергены. Местные анестетики (IgG)";"Исследование уровня антител IgG к аллергену с100 прилокаин в крови";"с100 Прилокаин, Prilocaine IgG";"-";"-"
"Аллергологические исследования";"DR.FOOKE лекарственные аллергены. Местные анестетики (IgG)";"Исследование уровня антител IgG к аллергену с82 Лидокаин & Ксилокаин в крови";"с82 Лидокаин & Ксилокаин, Lidocaine & Xylocaine IgG";"-";"-"
"Аллергологические исследования";"DR.FOOKE лекарственные аллергены. Местные анестетики (IgG)";"Исследование уровня антител IgG к аллергену с83 Новокаин & Прокаин в крови";"с83 Новокаин & Прокаин, Procaine IgG";"-";"-"
"Аллергологические исследования";"DR.FOOKE лекарственные аллергены. Местные анестетики (IgG)";"Исследование уровня антител IgG к аллергену с86 Бензокаин в крови";"с86 Бензокаин, Benzocaine IgG";"-";"-"
"Аллергологические исследования";"DR.FOOKE лекарственные аллергены. Местные анестетики (IgG)";"Исследование уровня антител IgG к аллергену с88 Мепивакаин & Полокаин в крови";"с88 Мепивакаин & Полокаин, Mepivacaine IgG";"-";"-"
"Аллергологические исследования";"DR.FOOKE лекарственные аллергены. Местные анестетики (IgG)";"Исследование уровня антител IgG к аллергену с89 Бупивакаин & Анекаин & Маркаин в крови";"с89 Бупивакаин & Анекаин & Маркаин, Bupivacaine IgG";"-";"-"
"Аллергологические исследования";"DR.FOOKE лекарственные аллергены. Местные анестетики (IgG)";"Исследование уровня антител IgG к аллергену с68 Артикаин & Ультракаин в крови";"с68 Артикаин & Ультракаин, Articaine IgG";"-";"-"
"Аллергологические исследования";"DR.FOOKE лекарственные аллергены. Местные анестетики (IgG)";"Исследование уровня антител IgG к аллергену с210 Тетракаин в крови";"с210 Тетракаин & Дикаин, Tetracaine IgG";"-";"-"
"Аллергологические исследования";"DR.FOOKE специфические. Пищевые аллергены (IgG4)";"Исследование уровня антител IgG к аллергену f1 яичный белок в крови";"f1 яичный белок, Egg white IgG4";"-";"-"
"Аллергологические исследования";"DR.FOOKE специфические. Пищевые аллергены (IgG4)";"Исследование уровня антител IgG к аллергену f2 Молоко коровье в крови";"f2 молоко кооровье, milk IgG4";"-";"-"
"Аллергологические исследования";"DR.FOOKE специфические. Пищевые аллергены (IgG4)";"Исследование уровня антител IgG к аллергену f4 Пшеница в крови";"f4 Пшеница, Triticum aestivum IgG4";"-";"-"
"Аллергологические исследования";"DR.FOOKE специфические. Пищевые аллергены (IgG4)";"Исследование уровня антител IgG к аллергену f75 яичный желток в крови";"f75 яичный желток, Egg yolk IgG4";"-";"-"
"Аллергологические исследования";"DR.FOOKE специфические. Пищевые аллергены (IgG4)";"Исследование уровня антител IgG к аллергену f79 глютен в крови";"f79 Глютен, Gluten IgG4";"-";"-"
"Аллергологические исследования";"ImmunoCAP ингаляционные аллергены. Пыльца сорной травы (IgE)";"Исследование уровня антител IgE к аллергену w1 Амброзия высокая (полыннолистная) в крови";"w1 Амброзия высокая, Common ragweed IgE";"-";"-"
"Аллергологические исследования";"ImmunoCAP ингаляционные аллергены. Пыльца сорной травы (IgE)";"Исследование уровня антител IgE к аллергену w12 Золотарник";"w12 Золотарник, Solidago virgaurea IgE";"-";"-"
"Аллергологические исследования";"ImmunoCAP ингаляционные аллергены. Пыльца сорной травы (IgE)";"Исследование уровня антител IgE к аллергену w15 Лебеда чечевицевидная в крови";"w15 Лебеда чечевицевидная, Atriplex lentiformis IgE";"-";"-"
"Аллергологические исследования";"ImmunoCAP ингаляционные аллергены. Пыльца сорной травы (IgE)";"Исследование уровня антител IgE к аллергену w19 Постенница лекарственная в крови";"w19 Постеница лекарственная, Wall pellitory IgE";"-";"-"
"Аллергологические исследования";"ImmunoCAP ингаляционные аллергены. Пыльца сорной травы (IgE)";"Исследование уровня антител IgE к аллергену w20 Крапива двудомная в крови";"w20 Крапива двудомная, Nettle IgE";"-";"-"
"Аллергологические исследования";"ImmunoCAP ингаляционные аллергены. Пыльца сорной травы (IgE)";"Исследование уровня антител IgE к аллергену w204 Подсолнечник в крови";"w204 Подсолнечник, Sunflower IgE";"-";"-"
"Аллергологические исследования";"ImmunoCAP ингаляционные аллергены. Пыльца сорной травы (IgE)";"Исследование уровня антител IgE к аллергену w206 Ромашка в крови";"w206 Ромашка, Camomile IgE";"-";"-"
"Аллергологические исследования";"ImmunoCAP ингаляционные аллергены. Пыльца сорной травы (IgE)";"Исследование уровня антител IgE к аллергену w21 Постенница в крови";"w21 Постенница, Jewish pellitory IgE";"-";"-"
"Аллергологические исследования";"ImmunoCAP ингаляционные аллергены. Пыльца сорной травы (IgE)";"Исследование уровня антител IgE к аллергену w6 Полынь обыкновенная в крови";"w6 полынь обыкновенная, mugwort IgE";"-";"-"
"Аллергологические исследования";"ImmunoCAP ингаляционные аллергены. Пыльца сорной травы (IgE)";"Исследование уровня антител IgE к аллергену w7 Нивяник обыкновенный в крови";"w7 Нивяник обыкновенный, Ox-eye daisy IgE";"-";"-"
"Аллергологические исследования";"ImmunoCAP ингаляционные аллергены. Пыльца сорной травы (IgE)";"Исследование уровня антител IgE к аллергену w8 Одуванчик обыкновенный в крови";"w8 Одуванчик обыкновенный, Dandelion IgE";"-";"-"
"Аллергологические исследования";"ImmunoCAP ингаляционные аллергены. Пыльца сорной травы (IgE)";"Исследование уровня антител IgE к аллергену w9 Подорожник ланцетолистный в крови";"w9 Подорожник лланцетолистный, English plantain IgE";"-";"-"
"Аллергологические исследования";"ImmunoCAP ингаляционные аллергены. Пыльца сорной травы (IgE)";"Исследование уровня антител IgE к аллергену w10 Марь белая в крови";"w10 марь белая, Chenopodium aibum IgE";"-";"-"
"Аллергологические исследования";"ImmunoCAP ингаляционные аллергены. Пыльца трав и злаковых (IgE)";"Исследование уровня антител IgE к аллергену g1 колосок душистый в крови";"g1 колосок душистый, sweet vernal grass IgE";"-";"-"
"Аллергологические исследования";"ImmunoCAP ингаляционные аллергены. Пыльца трав и злаковых (IgE)";"Исследование уровня антител IgE к аллергену g11 Костер полевой в крови";"g11 костер полевой, brome grass IgE";"-";"-"
"Аллергологические исследования";"ImmunoCAP ингаляционные аллергены. Пыльца трав и злаковых (IgE)";"Исследование уровня антител IgE к аллергену g12 рожь посевная в крови";"g12 рожь посевная, cultivated rye IgE";"-";"-"
"Аллергологические исследования";"ImmunoCAP ингаляционные аллергены. Пыльца трав и злаковых (IgE)";"Исследование уровня антител IgE к аллергену g14 овес посевной в крови";"g14 овсе посевной, avena sativa IgE";"-";"-"
"Аллергологические исследования";"ImmunoCAP ингаляционные аллергены. Пыльца трав и злаковых (IgE)";"Исследование уровня антител IgE к аллергену g15 пшеница посевная в крови";"g15 Пшеница посевная, Cultivated wheat IgE";"-";"-"
"Аллергологические исследования";"ImmunoCAP ингаляционные аллергены. Пыльца трав и злаковых (IgE)";"Исследование уровня антител IgE к аллергену g6 тимофеевка луговая в крови";"g6 Тимофеевка луговая, Timothy IgE";"-";"-"
"Аллергологические исследования";"ImmunoCAP ингаляционные аллергены. Аллергены животных и птиц (IgE)";"Исследование уровня антител IgE к аллергену e1 Кошка, перхоть в крови";"e1 Кошка перхоть, Cat dander IgE";"-";"-"
"Аллергологические исследования";"ImmunoCAP ингаляционные аллергены. Аллергены животных и птиц (IgE)";"Исследование уровня антител IgE к аллергену e213 попугай, перо в крови";"e213 Попугай перо, parrot feathers IgE";"-";"-"
"Аллергологические исследования";"ImmunoCAP ингаляционные аллергены. Аллергены животных и птиц (IgE)";"Исследование уровня антител IgE к аллергену e3 лошадь, перхоть в крови";"e3 лошадь перхоть, horse dander IgE";"-";"-"
"Аллергологические исследования";"ImmunoCAP ингаляционные аллергены. Аллергены животных и птиц (IgE)";"Исследование уровня антител IgE к аллергену e5 собака, перхоть в крови";"e5 собака перхоть, dog dander IgE";"-";"-"
"Аллергологические исследования";"ImmunoCAP ингаляционные аллергены. Аллергены животных и птиц (IgE)";"Исследование уровня антител IgE к аллергену e6 морская свинка, эпителий в крови";"e6 морская свинка эпителий, guinea pig epithelium";"-";"-"
"Аллергологические исследования";"ImmunoCAP ингаляционные аллергены. Аллергены животных и птиц (IgE)";"Исследование уровня антител IgE к аллергену e70 гусь перо в крови";"e70 гусь перо, goose feathers";"-";"-"
"Аллергологические исследования";"ImmunoCAP ингаляционные аллергены. Аллергены животных и птиц (IgE)";"Исследование уровня антител IgE к аллергену e82 кролик эпителий в крови";"e82 кролик эпителий, rabbit epithelium";"-";"-"
"Аллергологические исследования";"ImmunoCAP ингаляционные аллергены. Аллергены животных и птиц (IgE)";"Исследование уровня антител IgE к аллергену e84 хомяк эпителий в крови";"e84 хомяк эпителий, hamster epithelium";"-";"-"
"Аллергологические исследования";"ImmunoCAP ингаляционные аллергены. Аллергены животных и птиц (IgE)";"Исследование уровня антител IgE к аллергену e85 курица перо в крови";"e85 курица перо, chicken feathers IgE";"-";"-"
"Аллергологические исследования";"ImmunoCAP ингаляционные аллергены. Аллергены животных и птиц (IgE)";"Исследование уровня антител IgE к аллергену e87 крыса эпителий белки сыворотки и мочи в крови";"e87 крыса эпителий белки сыворотки и мочи, rat epithelium serum and urine proteins";"-";"-"
"Аллергологические исследования";"ImmunoCAP ингаляционные аллергены. Аллергены животных и птиц (IgE)";"Исследование уровня антител IgE к аллергену e88 мышь эпителий белки сыворотки и мочи в крови";"e88 мышь эпителий белки сыворотки и мочи, mouse epithelium serum and urine proteins";"-";"-"
"Аллергологические исследования";"ImmunoCAP ингаляционные аллергены. Аллергены животных и птиц (IgE)";"Исследование уровня антител IgE к аллергену e201 канарейка перо в крови";"канарейка перо IgE, canary IgE";"-";"-"
"Аллергологические исследования";"ImmunoCAP ингаляционные аллергены. Аллергены животных и птиц (IgE)";"Исследование уровня антител IgE к аллергену e78 попугай волнистый перо в крови";"попугай волнистый перо IgE, pen perrot IgE";"-";"-"
"Аллергологические исследования";"ImmunoCAP ингаляционные аллергены. Аллергены животных и птиц (IgE)";"Исследование уровня антител IgE к аллергену e86 утка перо в крови";"утка перо IgE, duck feather IgE";"-";"-"
"Биохимические исследования крови";"Обмен липидов";"Исследование уровня апопротеина A1 в крови";"Аполипопротеин A1 (жен)";"1.08-2.25";"г/л"
"Биохимические исследования крови";"Обмен липидов";"Исследование уровня апопротеина A1 в крови";"Аполипопротеин A1 (муж)";"1.04-2.02";"г/л"
"Биохимические исследования крови";"Обмен липидов";"Исследование уровня апопротеина B1 в крови";"Аполипопротеин B1 (жен)";"0.6-1.16";"г/л"
"Биохимические исследования крови";"Обмен липидов";"Исследование уровня апопротеина B1 в крови";"Аполипопротеин B1 (муж)";"0.66-1.33";"г/л"
"Биохимические исследования крови";"Обмен липидов";"Исследование уровня холестерина липопротеинов низкой плотности";"Липопротеиды низкой плотности — прямое определение";4.14;"ммоль/л"
"Биохимические исследования крови";"Обмен липидов";"Исследование уровня липопротеина (a) в крови";"Липопротеин (a), Lp (a)";30;"мг/дл"
"Биохимические исследования крови";"Обмен липидов";"Исследование уровня холестерина липопротеинов высокой плотности в крови";"Липопротеины высокой плотности (жен, от 13 до 19 лет)";"0.7-1.96";"ммоль/л"
"Биохимические исследования крови";"Обмен липидов";"Исследование уровня холестерина липопротеинов высокой плотности в крови";"Липопротеины высокой плотности (жен, от 19 до 99 лет)";1.68;"ммоль/л"
"Биохимические исследования крови";"Обмен липидов";"Исследование уровня холестерина липопротеинов высокой плотности в крови";"Липопротеины высокой плотности (от 0 до 15 дней)";"0.18-1.01";"ммоль/л"
"Биохимические исследования крови";"Обмен липидов";"Исследование уровня холестерина липопротеинов высокой плотности в крови";"Липопротеины высокой плотности (от 1 года до 4 лет)";"0.72-1.68";"ммоль/л"
"Биохимические исследования крови";"Обмен липидов";"Исследование уровня холестерина липопротеинов высокой плотности в крови";"Липопротеины высокой плотности (от 15 дней до 1 года)";"0.08-1.95";"ммоль/л"
"Биохимические исследования крови";"Обмен липидов";"Исследование уровня холестерина липопротеинов высокой плотности в крови";"Липопротеины высокой плотности (от 4 до 13 лет)";"0.81-1.99";"ммоль/л"
"Биохимические исследования крови";"Обмен липидов";"Исследование уровня холестерина липопротеинов высокой плотности в крови";"Липопротеины высокой плотности (муж, от 13 до 19 лет)";"0.69-1.85";"ммоль/л"
"Биохимические исследования крови";"Обмен липидов";"Исследование уровня холестерина липопротеинов высокой плотности в крови";"Липопротеины высокой плотности (муж, от 19 до 99 лет)";1.45;"ммоль/л"
"Биохимические исследования крови";"Обмен липидов";"Исследование уровня триглицеридов в крови";"Триглицериды (от 0 до 15 дней)";"1.02-3.25";"ммоль/л"
"Биохимические исследования крови";"Обмен липидов";"Исследование уровня триглицеридов в крови";"Триглицериды (от 1 года до 18 лет)";"0.54-2.27";"ммоль/л"
"Биохимические исследования крови";"Обмен липидов";"Исследование уровня триглицеридов в крови";"Триглицериды (от 15 дней до 1 года)";"0.65-3.24";"ммоль/л"
"Биохимические исследования крови";"Обмен липидов";"Исследование уровня триглицеридов в крови";"Триглицериды (от 18 до 99 лет)";1.7;"ммоль/л"
"Биохимические исследования крови";"Обмен липидов";"Исследование уровня холестерина в крови";"Холестерин общий (жен, от 0 до 15 дней)";"1.25-3.24";"ммоль/л"
"Биохимические исследования крови";"Обмен липидов";"Исследование уровня холестерина в крови";"Холестерин общий (от 1 года до 19 лет)";"2.91-5.36";"ммоль/л"
"Биохимические исследования крови";"Обмен липидов";"Исследование уровня холестерина в крови";"Холестерин общий (от 15 дней до 1 года)";"1.7-6.07";"ммоль/л"
"Биохимические исследования крови";"Обмен липидов";"Исследование уровня холестерина в крови";"Холестерин общий (от 19 до 99 лет)";5.2;"ммоль/л"
"Биохимические исследования крови";"Обмен липидов";"Исследование уровня холестерина в крови";"Холестерин общий (муж, от 0 до 15 дней)";"1.15-2.83";"ммоль/л"
"Биохимические исследования крови";"Обмен углеводов";"Индекс HOMA-IR";"Индекс HOMA-IR";"-";"-"
"Биохимические исследования крови";"Обмен углеводов";"Исследование уровня гликированного гемоглобина в крови";"Гликозилированный гемоглобин (HBA1c, DCCT/NGSP)";"4.8-5.9";"%"
"Биохимические исследования крови";"Обмен углеводов";"Исследование уровня гликированного гемоглобина в крови";"Гликозилированный гемоглобин (HBA1c, IFCC)";"29-42";"%"
"Биохимические исследования крови";"Обмен углеводов";"Исследование уровня глюкозы в крови";"Глюкоза (от 0 до 2 дней)";"2.22-3.33";"ммоль/л"
"Биохимические исследования крови";"Обмен углеводов";"Исследование уровня глюкозы в крови";"Глюкоза (от 1 месяца до 18 лет)";"3.33-5.55";"ммоль/л"
"Биохимические исследования крови";"Обмен углеводов";"Исследование уровня глюкозы в крови";"Глюкоза (от 18 до 60 лет)";"4.11-5.89";"ммоль/л"
"Биохимические исследования крови";"Обмен углеводов";"Исследование уровня глюкозы в крови";"Глюкоза (от 2 дней до 1 месяца)";"2.78-4.44";"ммоль/л"
"Биохимические исследования крови";"Обмен углеводов";"Исследование уровня глюкозы в крови";"Глюкоза (от 60 до 90 лет)";"4.56-6.38";"ммоль/л"
"Биохимические исследования крови";"Обмен углеводов";"Исследование уровня глюкозы в крови";"Глюкоза (от 90 до 99 лет)";"4.16-6.72";"ммоль/л"
"Биохимические исследования крови";"Обмен углеводов";"Исследование уровня молочной кислоты в крови";"Лактат (молочная кислота)";"0.5-2.2";"ммоль/л"
"Биохимические исследования крови";"Обмен углеводов";"Проведение глюкозотолерантного теста";"Глюкозотолерантный тест базовый";"-";"-"
"Биохимические исследования крови";"Обмен углеводов";"Проведение расширенного глюкозотолерантного теста";"Глюкозотолерантный тест расширенный";"-";"-"
"Биохимические исследования крови";"Обмен углеводов";"Проведение сокращенного глюкозотолерантного теста";"Глюкозотолерантный тест";"-";"-"
"Биохимические исследования крови";"Обмен углеводов";"Исследование уровня фруктозамина в крови";"Фруктозамин (от 0 до 14 лет)";"195-271";"ммоль/л"
"Биохимические исследования крови";"Обмен углеводов";"Исследование уровня фруктозамина в крови";"Фруктозамин (от 14 до 99 лет)";"205-285";"ммоль/л"
"Биохимические исследования крови";"Специфические белки";"Исследование уровня N-терминального фрагмента натрийуретического пропептида мозгового в крови";"NT-proBNP";"0-125";"пг/мл"
"Биохимические исследования крови";"Специфические белки";"Определение активности альфа-1-антитрипсина в крови";"Альфа-1-антитрипсин (от 0 дней до 2 месяцев)";"1.24-3.48";"г/л"
"Биохимические исследования крови";"Специфические белки";"Определение активности альфа-1-антитрипсина в крови";"Альфа-1-антитрипсин (от 19 до 99 лет)";"0.9-2.0";"г/л"
"Биохимические исследования крови";"Специфические белки";"Определение активности альфа-1-антитрипсина в крови";"Альфа-1-антитрипсин (от 2 до 7 месяцев)";"1.11-2.97";"г/л"
"Биохимические исследования крови";"Специфические белки";"Определение активности альфа-1-антитрипсина в крови";"Альфа-1-антитрипсин (от 3 до 19 лет)";"1.1-2.8";"г/л"
"Биохимические исследования крови";"Специфические белки";"Определение активности альфа-1-антитрипсина в крови";"Альфа-1-антитрипсин (от 7 месяцев до 3 лет)";"0.95-2.51";"г/л"
"Биохимические исследования крови";"Специфические белки";"Исследование уровня альфа-1-кислый гликопротеин (серомукоид) в крови";"Альфа-1 кислый гликопротеин";"0.5-1.2";"г/л"
"Биохимические исследования крови";"Специфические белки";"Исследование уровня альфа-2-макроглобулина в крови";"Альфа-2 Макроглобулин (жен)";"1.32-3.01";"г/л"
"Биохимические исследования крови";"Специфические белки";"Исследование уровня альфа-2-макроглобулина в крови";"Альфа-2 Макроглобулин (муж)";"1.19-2.54";"г/л"
"Биохимические исследования крови";"Специфические белки";"Определение антистрептолизина-O в сыворотке крови";"Антистрептолизин O (жен, от 14 до 99 лет)";200;"МЕ/мл"
"Биохимические исследования крови";"Специфические белки";"Определение антистрептолизина-O в сыворотке крови";"Антистрептолизин O (от 0 дней до 3 лет)";160;"МЕ/мл"
"Биохимические исследования крови";"Специфические белки";"Определение антистрептолизина-O в сыворотке крови";"Антистрептолизин O (от 10 до 14 лет)";320;"МЕ/мл"
"Биохимические исследования крови";"Специфические белки";"Определение антистрептолизина-O в сыворотке крови";"Антистрептолизин O (от 3 до 5 лет)";120;"МЕ/мл"
"Биохимические исследования крови";"Специфические белки";"Определение антистрептолизина-O в сыворотке крови";"Антистрептолизин O (от 5 до 6 лет)";160;"МЕ/мл"
"Биохимические исследования крови";"Специфические белки";"Определение антистрептолизина-O в сыворотке крови";"Антистрептолизин O (от 6 до 10 лет)";240;"МЕ/мл"
"Биохимические исследования крови";"Специфические белки";"Определение антистрептолизина-O в сыворотке крови";"Антистрептолизин O (муж, от 14 до 99 лет)";200;"МЕ/мл"
"Биохимические исследования крови";"Специфические белки";"Исследование уровня бета-2-микроглобулина в крови";"Бета-2 микроглобулин в крови";"0.97-2.64";"мг/л"
"Биохимические исследования крови";"Специфические белки";"Исследование уровня гаптоглобина в крови";"Гаптоглобин (от 0 до 15 дней)";0.12;"г/л"
"Биохимические исследования крови";"Специфические белки";"Исследование уровня гаптоглобина в крови";"Гаптоглобин (от 1 года до 12 лет)";1.76;"г/л"
"Биохимические исследования крови";"Специфические белки";"Исследование уровня гаптоглобина в крови";"Гаптоглобин (от 12 до 19 лет)";1.93;"г/л"
"Биохимические исследования крови";"Специфические белки";"Исследование уровня гаптоглобина в крови";"Гаптоглобин (от 15 дней до 1 года)";2.38;"г/л"
"Биохимические исследования крови";"Специфические белки";"Исследование уровня гаптоглобина в крови";"Гаптоглобин (от 19 до 99 лет)";"0.3-2.0";"г/л"
"Биохимические исследования крови";"Специфические белки";"Исследование уровня гомоцистеин в крови";"Гомоцистеин (жен, от 30 до 60 лет)";"5-13";"мкмоль/л"
"Биохимические исследования крови";"Специфические белки";"Исследование уровня гомоцистеин в крови";"Гомоцистеин (жен, от 60 до 85 лет)";"7-14";"мкмоль/л"
"Биохимические исследования крови";"Специфические белки";"Исследование уровня гомоцистеин в крови";"Гомоцистеин (от 0 до 15 лет)";10;"мкмоль/л"
"Биохимические исследования крови";"Специфические белки";"Исследование уровня гомоцистеин в крови";"Гомоцистеин (от 15 до 30 лет)";"6-14";"мкмоль/л"
"Биохимические исследования крови";"Специфические белки";"Исследование уровня гомоцистеин в крови";"Гомоцистеин (от 85 до 99 лет)";"15-30";"мкмоль/л"
"Биохимические исследования крови";"Специфические белки";"Исследование уровня гомоцистеин в крови";"Гомоцистеин (муж, от 30 до 60 лет)";"6-16";"мкмоль/л"
"Биохимические исследования крови";"Специфические белки";"Исследование уровня гомоцистеин в крови";"Гомоцистеин (муж, от 60 до 85 лет)";"6-17";"мкмоль/л"
"Биохимические исследования крови";"Специфические белки";"Определение содержания свободных легких цепей каппа в крови";"Каппа-цепи иммуноглобулинов в сыворотке";"1.38-3.75";"г/л"
"Биохимические исследования крови";"Специфические белки";"Определение содержания свободных легких цепей лямбда в крови";"Лямбда-цепи иммуноглобулинов в сыворотке";"0.93-2.42";"г/л"
"Биохимические исследования крови";"Специфические белки";"Исследование уровня миоглобина в крови";"Миоглобин (жен)";"19-51";"нг/мл"
"Биохимические исследования крови";"Специфические белки";"Исследование уровня миоглобина в крови";"Миоглобин (муж)";"23-72";"нг/мл"
"Биохимические исследования крови";"Специфические белки";"Исследование уровня неоптерина в крови";"Неоптерин";"0-10";"нмоль/л"
"Биохимические исследования крови";"Специфические белки";"Исследование уровня преальбумина в крови";"Преальбумин (жен, от 16 до 19 лет)";"0.16-0.33";"г/л"
"Биохимические исследования крови";"Специфические белки";"Исследование уровня преальбумина в крови";"Преальбумин (от 0 до 15 дней)";0.11;"г/л"
"Биохимические исследования крови";"Специфические белки";"Исследование уровня преальбумина в крови";"Преальбумин (от 1 года до 5 лет)";"0.11-0.23";"г/л"
"Биохимические исследования крови";"Специфические белки";"Исследование уровня преальбумина в крови";"Преальбумин (от 13 до 16 лет)";"0.17-0.31";"г/л"
"Биохимические исследования крови";"Специфические белки";"Исследование уровня преальбумина в крови";"Преальбумин (от 15 дней до 1 года)";"0.04-0.24";"г/л"
"Биохимические исследования крови";"Специфические белки";"Исследование уровня преальбумина в крови";"Преальбумин (от 19 до 99 лет)";"0.2-0.4";"г/л"
"Биохимические исследования крови";"Специфические белки";"Исследование уровня преальбумина в крови";"Преальбумин (от 5 до 13 лет)";"0.13-0.31";"г/л"
"Биохимические исследования крови";"Специфические белки";"Исследование уровня преальбумина в крови";"Преальбумин (муж, от 16 до 19 лет)";"0.2-0.35";"г/л"
"Биохимические исследования крови";"Специфические белки";"Исследование уровня прокальцитонина в крови";"Прокальцитонин";"0-0.5";"нг/мл"
"Биохимические исследования крови";"Специфические белки";"Определение содержания ревматоидного фактор в крови";"Ревматоидный фактор";"0-14";"Е/мл"
"Биохимические исследования крови";"Специфические белки";"Исследование уровня C-реактивного белка в сыворотке крови";"C-реактивный белок (высокочувствительный)";5;"мг/л"
"Биохимические исследования крови";"Специфические белки";"Исследование уровня тропонинов в крови";"Тропонин I (от 0 дней до 1 месяца)";0.18;"нг/мл"
"Биохимические исследования крови";"Специфические белки";"Исследование уровня тропонинов в крови";"Тропонин I (от 1 месяца до 99 лет)";0.16;"нг/мл"
"Биохимические исследования крови";"Специфические белки";"Исследование уровня церулоплазмина в крови";"Церулоплазмин (жен)";"0.16-0.45";"г/л"
"Биохимические исследования крови";"Специфические белки";"Исследование уровня церулоплазмина в крови";"Церулоплазмин (муж)";"0.15-0.3";"г/л"
"Биохимические исследования крови";"Электролиты и микроэлементы";"Исследование уровня электролитов (калий, натрий, хлор) в крови";"Калий K+ (от 0 до 15 дней)";"3.7-5.9";"ммоль/л"
"Биохимические исследования крови";"Электролиты и микроэлементы";"Исследование уровня электролитов (калий, натрий, хлор) в крови";"Калий K+ (от 1 года до 14 лет)";"3.4-4.69";"ммоль/л"
"Биохимические исследования крови";"Электролиты и микроэлементы";"Исследование уровня электролитов (калий, натрий, хлор) в крови";"Калий K+ (от 14 до 99 лет)";"3.5-5.1";"ммоль/л"
"Биохимические исследования крови";"Электролиты и микроэлементы";"Исследование уровня электролитов (калий, натрий, хлор) в крови";"Калий K+ (от 15 дней до 1 года)";"4.1-5.3";"ммоль/л"
"Биохимические исследования крови";"Электролиты и микроэлементы";"Исследование уровня электролитов (калий, натрий, хлор) в крови";"Натрий Na+ (от 0 до 15 дней)";"133-146";"ммоль/л"
"Биохимические исследования крови";"Электролиты и микроэлементы";"Исследование уровня электролитов (калий, натрий, хлор) в крови";"Натрий Na+ (от 1 года до 14 лет)";"138-145";"ммоль/л"
"Биохимические исследования крови";"Электролиты и микроэлементы";"Исследование уровня электролитов (калий, натрий, хлор) в крови";"Натрий Na+ (от 14 до 90 лет)";"136-145";"ммоль/л"
"Биохимические исследования крови";"Электролиты и микроэлементы";"Исследование уровня электролитов (калий, натрий, хлор) в крови";"Натрий Na+ (от 15 дней до 1 года)";"139-146";"ммоль/л"
"Биохимические исследования крови";"Электролиты и микроэлементы";"Исследование уровня электролитов (калий, натрий, хлор) в крови";"Натрий Na+ (от 90 до 99 лет)";"132-146";"ммоль/л"
"Биохимические исследования крови";"Электролиты и микроэлементы";"Исследование уровня электролитов (калий, натрий, хлор) в крови";"Хлор Cl- (от 0 до 30 дней)";"98-113";"ммоль/л"
"Биохимические исследования крови";"Электролиты и микроэлементы";"Исследование уровня электролитов (калий, натрий, хлор) в крови";"Хлор Cl- (от 30 дней до 90 лет)";"98-107";"ммоль/л"
"Биохимические исследования крови";"Электролиты и микроэлементы";"Исследование уровня электролитов (калий, натрий, хлор) в крови";"Хлор Cl- (от 90 до 99 лет)";"98-111";"ммоль/л"
"Биохимические исследования крови";"Электролиты и микроэлементы";"Исследование уровня ионизированного кальция в крови";"Альбумин для Ca++ (жен, от 15 до 19 лет)";"40-53";"г/л"
"Биохимические исследования крови";"Электролиты и микроэлементы";"Исследование уровня ионизированного кальция в крови";"Альбумин для Ca++ (от 0 до 15 дней)";"33-45";"г/л"
"Биохимические исследования крови";"Электролиты и микроэлементы";"Исследование уровня ионизированного кальция в крови";"Альбумин для Ca++ (от 1 года до 8 лет)";"40-49";"г/л"
"Биохимические исследования крови";"Электролиты и микроэлементы";"Исследование уровня ионизированного кальция в крови";"Альбумин для Ca++ (от 15 дней до 1 года)";"31-50";"г/л"
"Биохимические исследования крови";"Электролиты и микроэлементы";"Исследование уровня ионизированного кальция в крови";"Альбумин для Ca++ (от 19 до 99 лет)";"39.7-49.4";"г/л"
"Биохимические исследования крови";"Электролиты и микроэлементы";"Исследование уровня ионизированного кальция в крови";"Альбумин для Ca++ (от 8 до 15 лет)";"42-51";"г/л"
"Биохимические исследования крови";"Электролиты и микроэлементы";"Исследование уровня ионизированного кальция в крови";"Альбумин для Ca++ (муж, от 15 до 19 лет)";"43-53";"г/л"
"Биохимические исследования крови";"Электролиты и микроэлементы";"Исследование уровня ионизированного кальция в крови";"Кальций общий для Ca++ (от 0 до 10 дней)";"1.9-2.6";"ммоль/л"
"Биохимические исследования крови";"Электролиты и микроэлементы";"Исследование уровня ионизированного кальция в крови";"Кальций общий для Ca++ (от 10 дней до 2 лет)";"2.25-2.75";"ммоль/л"
"Биохимические исследования крови";"Электролиты и микроэлементы";"Исследование уровня ионизированного кальция в крови";"Кальций общий для Ca++ (от 12 до 18 лет)";"2.09-2.55";"ммоль/л"
"Биохимические исследования крови";"Электролиты и микроэлементы";"Исследование уровня ионизированного кальция в крови";"Кальций общий для Ca++ (от 18 до 60 лет)";"2.15-2.5";"ммоль/л"
"Биохимические исследования крови";"Электролиты и микроэлементы";"Исследование уровня ионизированного кальция в крови";"Кальций общий для Ca++ (от 2 до 12 лет)";"2.2-2.7";"ммоль/л"
"Биохимические исследования крови";"Электролиты и микроэлементы";"Исследование уровня ионизированного кальция в крови";"Кальций общий для Ca++ (от 60 до 90 лет)";"2.2-2.55";"ммоль/л"
"Биохимические исследования крови";"Электролиты и микроэлементы";"Исследование уровня ионизированного кальция в крови";"Кальций общий для Ca++ (от 90 до 99 лет)";"2.05-2.4";"ммоль/л"
"Биохимические исследования крови";"Электролиты и микроэлементы";"Исследование уровня ионизированного кальция в крови";"Кальций ионизированный Ca++";"1.16-1.34";"ммоль/л"
"Биохимические исследования крови";"Электролиты и микроэлементы";"Исследование уровня общего кальция в крови";"Кальций общий Ca (от 0 до 10 дней)";"1.9-2.6";"ммоль/л"
"Биохимические исследования крови";"Электролиты и микроэлементы";"Исследование уровня общего кальция в крови";"Кальций общий Ca (от 10 дней до 2 лет)";"2.25-2.75";"ммоль/л"
"Биохимические исследования крови";"Электролиты и микроэлементы";"Исследование уровня общего кальция в крови";"Кальций общий Ca (от 12 до 18 лет)";"2.09-2.55";"ммоль/л"
"Биохимические исследования крови";"Электролиты и микроэлементы";"Исследование уровня общего кальция в крови";"Кальций общий Ca (от 18 до 60 лет)";"2.15-2.5";"ммоль/л"
"Биохимические исследования крови";"Электролиты и микроэлементы";"Исследование уровня общего кальция в крови";"Кальций общий Ca (от 2 до 12 лет)";"2.2-2.7";"ммоль/л"
"Биохимические исследования крови";"Электролиты и микроэлементы";"Исследование уровня общего кальция в крови";"Кальций общий Ca (от 60 до 90 лет)";"2.2-2.55";"ммоль/л"
"Биохимические исследования крови";"Электролиты и микроэлементы";"Исследование уровня общего кальция в крови";"Кальций общий Ca (от 90 до 99 лет)";"2.05-2.4";"ммоль/л"
"Биохимические исследования крови";"Электролиты и микроэлементы";"Исследование уровня общего магния в крови";"Магний (от 0 до 5 месяцев)";"0.62-0.91";"ммоль/л"
"Биохимические исследования крови";"Электролиты и микроэлементы";"Исследование уровня общего магния в крови";"Магний (от 12 до 20 лет)";"0.7-0.91";"ммоль/л"
"Биохимические исследования крови";"Электролиты и микроэлементы";"Исследование уровня общего магния в крови";"Магний (от 20 до 60 лет)";"0.66-1.07";"ммоль/л"
"Биохимические исследования крови";"Электролиты и микроэлементы";"Исследование уровня общего магния в крови";"Магний (от 5 месяцев до 6 лет)";"0.7-0.95";"ммоль/л"
"Биохимические исследования крови";"Электролиты и микроэлементы";"Исследование уровня общего магния в крови";"Магний (от 6 до 12 лет)";"0.7-0.86";"ммоль/л"
"Биохимические исследования крови";"Электролиты и микроэлементы";"Исследование уровня общего магния в крови";"Магний (от 60 до 90 лет)";"0.66-0.99";"ммоль/л"
"Биохимические исследования крови";"Электролиты и микроэлементы";"Исследование уровня общего магния в крови";"Магний (от 90 до 99 лет)";"0.7-0.95";"ммоль/л"
"Биохимические исследования крови";"Электролиты и микроэлементы";"Исследование уровня общего неорганического фосфора в крови";"Фосфор P (жен, от 0 до 15 дней)";"1.71-3.15";"ммоль/л"
"Биохимические исследования крови";"Электролиты и микроэлементы";"Исследование уровня общего неорганического фосфора в крови";"Фосфор P (жен, от 13 до 16 лет)";"1-1.7";"ммоль/л"
"Биохимические исследования крови";"Электролиты и микроэлементы";"Исследование уровня общего неорганического фосфора в крови";"Фосфор P (жен, от 15 дней до 2 лет)";"1.47-2.54";"ммоль/л"
"Биохимические исследования крови";"Электролиты и микроэлементы";"Исследование уровня общего неорганического фосфора в крови";"Фосфор P (жен, от 16 до 19 лет)";"0.94-1.55";"ммоль/л"
"Биохимические исследования крови";"Электролиты и микроэлементы";"Исследование уровня общего неорганического фосфора в крови";"Фосфор P (жен, от 19 до 60 лет)";"0.81-1.45";"ммоль/л"
"Биохимические исследования крови";"Электролиты и микроэлементы";"Исследование уровня общего неорганического фосфора в крови";"Фосфор P (жен, от 2 до 5 лет)";"1.33-2.06";"ммоль/л"
"Биохимические исследования крови";"Электролиты и микроэлементы";"Исследование уровня общего неорганического фосфора в крови";"Фосфор P (жен, от 5 до 13 лет)";"1.28-1.82";"ммоль/л"
"Биохимические исследования крови";"Электролиты и микроэлементы";"Исследование уровня общего неорганического фосфора в крови";"Фосфор P (жен, от 60 до 89 лет)";"0.71-1.26";"ммоль/л"
"Биохимические исследования крови";"Электролиты и микроэлементы";"Исследование уровня общего неорганического фосфора в крови";"Фосфор P (жен, от 89 до 99 лет)";"0.81-1.36";"ммоль/л"
"Биохимические исследования крови";"Электролиты и микроэлементы";"Исследование уровня общего неорганического фосфора в крови";"Фосфор P (муж, от 0 до 15 дней)";"1.71-3.15";"ммоль/л"
"Биохимические исследования крови";"Электролиты и микроэлементы";"Исследование уровня общего неорганического фосфора в крови";"Фосфор P (муж, от 13 до 16 лет)";"1.11-1.88";"ммоль/л"
"Биохимические исследования крови";"Электролиты и микроэлементы";"Исследование уровня общего неорганического фосфора в крови";"Фосфор P (муж, от 15 дней до 2 лет)";"1.47-2.54";"ммоль/л"
"Биохимические исследования крови";"Электролиты и микроэлементы";"Исследование уровня общего неорганического фосфора в крови";"Фосфор P (муж, от 16 до 19 лет)";"0.94-1.55";"ммоль/л"
"Биохимические исследования крови";"Электролиты и микроэлементы";"Исследование уровня общего неорганического фосфора в крови";"Фосфор P (муж, от 19 до 60 лет)";"0.81-1.45";"ммоль/л"
"Биохимические исследования крови";"Электролиты и микроэлементы";"Исследование уровня общего неорганического фосфора в крови";"Фосфор P (муж, от 2 до 5 лет)";"1.33-2.06";"ммоль/л"
"Биохимические исследования крови";"Электролиты и микроэлементы";"Исследование уровня общего неорганического фосфора в крови";"Фосфор P (муж, от 5 до 13 лет)";"1.28-1.82";"ммоль/л"
"Биохимические исследования крови";"Электролиты и микроэлементы";"Исследование уровня общего неорганического фосфора в крови";"Фосфор P (муж, от 60 до 89 лет)";"0.74-1.2";"ммоль/л"
"Биохимические исследования крови";"Электролиты и микроэлементы";"Исследование уровня общего неорганического фосфора в крови";"Фосфор P (муж, от 89 до 99 лет)";"0.71-1.26";"ммоль/л"
