Раздел;Подраздел;Исследование;Альтернативные названия;Зарубежные названия;
Генетика;Hla-типирование;Определение HLA-антигенов II класса для пары (комплексное обследование: HLA-DQA1, HLA-DGB1, HLA-DRB1) на одного пациента;HLA генотипирование II класса для пары (комплексное обследование) (HLA-DQA1, HLA-DGB1, HLA-DRB1) на одного пациента;HLA genotyping of class II for couples (comprehensive examination) (HLA-DQA1, HLA-DQB1, HLA-DRB1) per patient;
Генетика;Hla-типирование;Определение HLA-антигенов;HLA типирование II класса (HLA DQA1);HLA genotyping II class (HLA-DQA1);
Генетика;Hla-типирование;Определение HLA-антигенов;HLA типирование II класса (HLA DQB1);HLA genotyping II class (HLA-DQB1);
Генетика;Hla-типирование;Определение HLA-антигенов;HLA типирование II класса (HLA DRB1);HLA genotyping II class (HLA-DRB1);
Генетика;Hla-типирование;Определение HLA-антигенов;HLA типирование II класса (комплексное обследование) (HLA-DQA1, HLA-DQB1, HLA-DRB1); HLA genotyping II class (comprehensive examination) (HLA-DQA1, HLA-DQB1, HLA-DRB1);
Генетика;Hla-типирование;Определение HLA-антигенов;антигены тканевой совместимости I класса, главный комплекс гистосовместимости;Human Leucocyte antigens. Major histocompatibiliti complex;
Генетика;Генетический риск нарушения репродуктивной функции;Беременность - комплекс. Определение полиморфизмов, ассоциированных с риском невынашивания беременности (12 полиморфизмов);;;
Генетика;Генетический риск нарушения репродуктивной функции;Комплекс исследований для оценки генетической предраположенности к нарушению имплантации эмбриона (бластоцисты) - 16 полиморфизмов;;;
Генетика;Генетический риск нарушения репродуктивной функции;Определение генетической предрасположенности к гирсутизму и гиперандрогении;;;
Генетика;Генетический риск нарушения репродуктивной функции;Комплекс исследований для диагностики генетической предрасположенности к эндометриозу;;;
Генетика;Генетический риск нарушения репродуктивной функции;Определение полиморфизма гена рецепторов андрогенов (AR);;;
Генетика;Генетический риск нарушения репродуктивной функции;Определение полимморфизмов, ассоциированных с развитием женского бесплодия;;;
Генетика;Генетический риск нарушения репродуктивной функции;Определение генетических причин азооспермии;;;
Генетика;Генетический риск нарушения репродуктивной функции;Комплекс исследований при риске преэклампсии. Определение вариантов в генах AGT (M235T), ACE (I/D);;;
Генетика;ДНК анализ неаутосомных маркеров;Типирование митохондриальной ДНК;ДНК тестирование по материнской линии, ДНК тестирование на установление этнического происхождения человека;DNA testing on the maternal line, DNA testing for establishing the ethnic origin of a person;
Генетика;ДНК анализ неаутосомных маркеров;Молекулярно-генетическое исследование микроделеций в Y хромосоме в крови;Генетическая экспертиза Y-хромосомы (тест семейной принадлежности);;
Генетика;ДНК анализ неаутосомных маркеров;Тестирование ДНК Y-хромосомы;;;
Генетика;Другие комплексные генетические исследования;Комплекс исследований по генетической предрасположенности к атопическому дерматиту;;;
Генетика;Другие комплексные генетические исследования;Комплекс исследований по генетической предрасположенности к псориазу;;;
Генетика;Другие комплексные генетические исследования;Комплекс исследований для диагностики "Акне";;;
Генетика;Другие комплексные генетические исследования;Комплекс исследований для диагностики "Алопеция" (15 полиморфизмов);;;
Генетика;Другие комплексные генетические исследования;Комплекс исследований для диагностики предрасположенности к парадонтозу;;;
Генетика;Заключение по генетическим исследованиям;Аналитическое заключение врача-генетика по одному профилю;;;
Генетика;Наследственные заболевания;Диагностика нарушений метаболизма лактозы (молекулярно-генетическое исследование мутаций в гене MCM6 (-13910 T>C));;;
Генетика;Наследственные заболевания;Молекулярно-генетическое исследование мутаций в гене CFTR (муковисцидоз) в крови;;Genetic predisposition to cystic fibrosis of 5 polymorphisms in the CFTR gene: F508Del, Delta508, [Delta F508], 21-KB Del, CFTRdele2,3 (21kb), 2143DelT, [Leu671Terfs], G551D, Gly551Asp, [1652G > A, G511D], Trp128Ter, W1282X;
Генетика;Наследственные заболевания;Комплекс исследований для определения вариантов в генах TCF7L2 (RS 7903146: IVS3C>T), PPARG (Pro12Ala, P12A), ADIPOQ (G276T);;;
Генетика;Наследственные заболевания;Комплекс исследований для определения варианта в гене PTPN22 (Arg620Trp, R620W);;Determination of the variant in the gene PTPN22 (Arg620Trp, R620W) (type 1 diabetes mellitus, rheumatoid arthritis;
Генетика;Наследственные заболевания;Диагностика предрасположенности к бронхиальной астме (SERPINE1 (PAI-1): -675 5G>4G, IL-6: -174 G>C, IL-10: -1082 G>A, IL-4: -589 C>T, IL-4: -33 C>T, IL-4R: 1902 A>G (GIln576Arg));;;
Генетика;Наследственные заболевания;Комплекс исследований для диагностики предрасположенности к ожирению и диабету;;;
Генетика;Наследственные заболевания;Комплекс исследований для диагностики риска развития сахарного диабета 1 типа. Определение полиморфизмов, ассоциированных с развитием сахарного диабета 1 типа (5 полиморфизмов);;Risk of developing type 1 diabetes. The definition of polymorphisms associated with the development of type 1 diabetes mellitus (5 polymprphisms: PTPN22 (Arg620Trp, R620W), UBASH3A (rs11203203), UBASH3A (rs2839511), VDR (b / B, Bsml Polymorphism), VDR (Apal Polymprphism);
Генетика;Наследственные заболевания;Синдром Жильбера, наследственная гипербилирубинемия, расширенное исследование, 3 полиморфизма в гене UGT1A1 (UGT1A1*28, UGT1A1*6, rs6742078);;Gilbert's syndrome is an expanded, 3 polymorphism in the gene UGT1A1 (UGT1A1*28, UGT1A1*6, rs6742078);
Генетика;Наследственные заболевания;Определение полиморфизма гена UGT1A1;;Gilbert's syndrome. The insertion determination (variant UGT1A1*28) in the promoter region of the UGT1A1 gene (UGT1A1*28, 7-TA insertion in promoter);
Генетика;Онкологический риск;Комплекс исследований для диагностики генетической предрасположенности к карциноме щитовидной железы (медуллярной);;;
Генетика;Онкологический риск;Комплекс исследований для диагностики генетической предрасположенности к меланоме кожи;;;
Генетика;Онкологический риск;Комплекс исследований для диагностики генетической предрасположенности к наследственному неполипозному колоректальному раку (синдром Линча);;;
Генетика;Онкологический риск;Комплекс исследований для диагностики генетической предрасположенности к раку желудка;;;
Генетика;Онкологический риск;Комплекс исследований для диагностики генетической предрасположенности к раку поджелудочному железы;;;
Генетика;Онкологический риск;Комплекс исследований для диагностики генетической предрасположенности к раку шейки матки;;;
Генетика;Онкологический риск;Комплекс исследований для диагностики генетической предрасположенности к семейному аденоматозному полипозу толстой кишки;;;
Генетика;Онкологический риск;Молекулярно-генетическое исследование мутаций в гене APC в крови;;;
Генетика;Онкологический риск;Комплекс исследований для диагностики кодирующих экзонов гена MUTYH;;;
Генетика;Онкологический риск;Молекулярно-генетическое исследование кодирующих экзонов гена BRCA1 (6 полиморфизмов) в крови;;;
Генетика;Онкологический риск;Молекулярно-генетическое исследование кодирующих экзонов гена BRCA2 (3 полиморфизма) в крови;;;
Генетика;Онкологический риск;Комплекс исследований для кодирующих экзонов гена CDH1 (3 полиморфизма) в крови;;;
Генетика;Онкологический риск;Молекулярно-генетическое исследование кодирующих экзонов гена MLH1 (неполипозный рак толстой кишки, рак желудка, рак тела матки);;;
Генетика;Онкологический риск;Комплекс исследований для диагностики кодирующих экзонов гена MSH6 (4 полмиорфизма) в крови;;;
Генетика;Онкологический риск;Исследование полиморфизмов в гене TP53 (Arg72Pro, R72P, p53 codon 72), рак молочной железы;;;
Генетика;Онкологический риск;Комплекс исследований для диагностики колоректального рака (20 полиморфизмов);;;
Генетика;Онкологический риск;Молекулярно-генетическое исследование мутаций в гене KRAS (кодоны 12/13) в крови;;;
Генетика;Онкологический риск;Молекулярно-генетическое исследование мутаций в генах BRCA1 и BRCA2 в крови;;;
Генетика;Онкологический риск;Комплекс исследований для диагностики риска развития лейкемии. Определение полиморфизмов, ассоциированных с риском развития лейкоза (9 полиморфизмов);;;
Генетика;Онкологический риск;Комплекс исследований для диагностики риска развития опухолей молочной железы на фоне приема оральных контрацептивов;;;
Генетика;Онкологический риск;Определение чувствительности рецепторов стероидных гормонов;;;
Генетика;Определение родства;Установление биологического родства до уровня третьего поколения (родные, сводные, двоюродные братья-сестры, племянники-дяди, тёти, дедушки, бабушки - внуки;;;
Генетика;Определение родства;Комплекс исследований для установления истинных родителей ребенка по делам о спорном происхождении детей (оспаривание отцовства/материнства или подмена детей) или по иным обстоятельствам в полной семейной группе;;;
Генетика;Определение родства;Комплекс исследований для установления истинных родителей ребенка - по делам о спорном происхождении детей (оспаривание отцовства/материнства или подмена детей) или по иным обстоятельствам с использованием в качестве референсных образцов биологических объектов от родителей отсутсвующего предполагаемого родителя (бабушки/дедушки ребенка), объектов от других его родственников, биологических контактных следов на предметах обихода осутствующего предполагаемого родителя;;;
Генетика;Определение родства;Дополнительный участник для генетических исследований по установлению биологического родства;;;
Генетика;Системные генетические риски;Определение полиморфизмов в генах F2 и F5 (факторы свертывающей системы крови);;The analysis of polymorphisms in the genes F2 and F5 (factors of the coagulation system);
Генетика;Системные генетические риски;Определение полиморфизмов, ассоциированных с нарушениями фолатного цикла (метаболизм фолатов);;;
Генетика;Системные генетические риски;Комплекс исследований по генетической обусловленности силы воспалительной реакции;;;
Генетика;Системные генетические риски;Контроль генетической предрасположенности к инфаркту миокарда;;;
Генетика;Системные генетические риски;Определение полиморфизма 675 4G/5G (инсерция гуанина в позиции 675) в гене ингибитора активатора плазминогена I типа (PAI-1);;The mutation of the inhibitor of plasminogen activator SERPINE (PAI) 1-675 5G / 4G;
Генетика;Системные генетические риски;Определение полиморфизмов, ассоциированных с риском развития артериальной гипертензии (гипертония);;;
Генетика;Системные генетические риски;Определение полиморфизмов, ассоциированных с риском развития тромбофилии (тромбофилия);;;
Генетика;Системные генетические риски;Анализ крови по определению вариантов в гене ApoC3 (3 полиморфизма);;;
Генетика;Системные генетические риски;Анализ крови по определению вариантов в гене PON1 (Gln192Arg, Q192R);;; 
Генетика;Системные генетические риски;Анализ крови по определению вариантов в гене ApoE (E2/E3/E4);;; 
Генетика;Системные генетические риски;Развернутое генетическое обследование для женщины;;;
Генетика;Системные генетические риски;Развернутое генетическое обследование для мужчины;;;
Генетика;Системные генетические риски;Анализ крови по оценке риска атеросклероза и ИБС, предрасположенность к дислипидемии;;;
Генетика;Спортивная генетика;Комплекс обследований по выбору спорта: силовой и скоростной;;;
Генетика;Спортивная генетика;Комплекс обследований по генетической предрасположенности к высокой выносливости;;;
Генетика;Спортивная генетика;Комплекс обследований по генетической предрасположенности к спортивной травме;;;
Генетика;Фармакогенетика;Молекулярно-генетическое исследование генетических полиморфизмов ассоциированных с функциями интерлейкина 28B в крови;;Immunogenetics IL28B;
Генетика;Фармакогенетика;Выявление биологически оптимальной дозы приема препарата Варфарин - определение полиморфизмов, ассоциированных с метаболизмом варфарина: CYP2C9 (430 C>T (Arg144Cys)), CYP2C9 (1075 A>C (Ile359Leu)), CYP4F2 (1347 C>T (Val433Met)), VKORC1 (-1639 G>A));;Pharmacogenetics. Warfarin;
Генетика;Цитогенетика;Цитогенетическое исследование (кариотип);Анализ кариотипа. Кариотипирование;;
Генетика;Цитогенетика;Исследование хромосом на микроделеции и микродубликации;Анализ кариотипа с аберрациями. Анализ кариотипа с внутрихромосомными и межхромосомными перестройками;CA&CA. Cytogenetic Analysis and detection of Chromosomal Aberration;
